2001/8/31,86231237
2001/9/3,82129438
2001/9/4,139204380
2001/9/5,97796243
2001/9/6,107078403
2001/9/7,113868743
2001/9/10,68406471
2001/9/11,41579698
2001/9/12,89421380
2001/9/13,39512775
2001/9/14,27740691
2001/9/17,32183249
2001/9/18,39006062
2001/9/19,31597369
2001/9/20,41189577
2001/9/21,28638681
2001/9/24,14703096
2001/9/25,12639790
2001/9/26,17892565
2001/9/27,32085131
2001/9/28,63169143
2001/10/8,24091149
2001/10/9,35498605
2001/10/10,63956753
2001/10/11,44319896
2001/10/12,70897331
2001/10/15,34501714
2001/10/16,29068173
2001/10/17,42766283
2001/10/18,16999063
2001/10/19,52422843
2001/10/22,32268911
2001/10/23,145710538
2001/10/24,147001102
2001/10/25,56527283
2001/10/26,31280145
2001/10/29,16205054
2001/10/30,12214728
2001/10/31,16633345
2001/11/1,23511580
2001/11/2,12189356
2001/11/5,12879737
2001/11/6,9138666
2001/11/7,31791131
2001/11/8,24682905
2001/11/9,12737203
2001/11/12,9088858
2001/11/13,8965279
2001/11/14,2599260
2001/11/15,7378238
2001/11/16,34600364
2001/11/19,12950484
2001/11/20,28559195
2001/11/21,17957628
2001/11/22,14713840
2001/11/23,13866447
2001/11/26,10749495
2001/11/27,8954894
2001/11/28,13256608
2001/11/29,10658762
2001/11/30,14292950
2001/12/3,57741700
2001/12/4,24859860
2001/12/5,54737513
2001/12/6,23004767
2001/12/7,14031912
2001/12/10,14941666
2001/12/11,12821499
2001/12/12,16611472
2001/12/13,12580276
2001/12/14,10026619
2001/12/17,15611050
2001/12/18,17167382
2001/12/19,34761229
2001/12/20,39988830
2001/12/21,28861442
2001/12/24,99947172
2001/12/25,44420025
2001/12/26,62127143
2001/12/27,87052679
2001/12/28,45692306
2001/12/31,202281565
2002/1/4,111030307
2002/1/7,70279717
2002/1/8,48947614
2002/1/9,38912708
2002/1/10,69093753
2002/1/11,43306414
2002/1/14,67196713
2002/1/15,66666866
2002/1/16,50700232
2002/1/17,85418339
2002/1/18,116437266
2002/1/21,56764193
2002/1/22,49186214
2002/1/23,86396947
2002/1/24,99483236
2002/1/25,51685502
2002/1/28,77886073
2002/1/29,42283085
2002/1/30,30030708
2002/1/31,152780902
2002/2/1,64926556
2002/2/4,62395237
2002/2/5,42691507
2002/2/6,36137656
2002/2/7,25158901
2002/2/8,47643920
2002/2/26,56234511
2002/2/27,31387541
2002/2/28,47786791
2002/3/1,27907358
2002/3/4,19593096
2002/3/5,85787001
2002/3/6,71904848
2002/3/7,52163426
2002/3/8,137988821
2002/3/11,69191402
2002/3/12,66875879
2002/3/13,29935169
2002/3/14,24487493
2002/3/15,45551718
2002/3/18,23162182
2002/3/19,26123110
2002/3/20,58767953
2002/3/21,58789396
2002/3/22,30733685
2002/3/25,16693141
2002/3/26,23950585
2002/3/27,19022433
2002/3/28,20150615
2002/3/29,39865325
2002/4/1,10386559
2002/4/2,27163339
2002/4/3,22255856
2002/4/4,19068025
2002/4/5,11402145
2002/4/8,8539346
2002/4/9,12257478
2002/4/10,12828309
2002/4/11,25576043
2002/4/12,17168808
2002/4/15,11085699
2002/4/16,23013458
2002/4/17,48993045
2002/4/18,31299469
2002/4/19,31912486
2002/4/22,14831735
2002/4/23,14622595
2002/4/24,17876338
2002/4/25,9206508
2002/4/26,8537641
2002/4/29,17015082
2002/4/30,21592851
2002/5/8,6152534
2002/5/9,6186437
2002/5/10,9625820
2002/5/13,10033864
2002/5/14,18159637
2002/5/15,7948908
2002/5/16,19465458
2002/5/17,13508333
2002/5/20,11623861
2002/5/21,20081800
2002/5/22,10442708
2002/5/23,5705093
2002/5/24,8401313
2002/5/27,5801250
2002/5/28,9258306
2002/5/29,9340641
2002/5/30,6813508
2002/5/31,6326360
2002/6/3,7966689
2002/6/4,6831604
2002/6/5,7636262
2002/6/6,19928860
2002/6/7,12686067
2002/6/10,6371263
2002/6/11,5368576
2002/6/12,7240715
2002/6/13,5701623
2002/6/14,3289645
2002/6/17,4678657
2002/6/18,5721280
2002/6/19,2900266
2002/6/20,4609083
2002/6/21,15107102
2002/6/24,234474989
2002/6/26,56971879
2002/6/27,20574559
2002/6/28,39735942
2002/7/1,16032014
2002/7/2,14439880
2002/7/3,19520104
2002/7/4,24199148
2002/7/5,24596151
2002/7/8,11563090
2002/7/9,12721871
2002/7/10,16561215
2002/7/11,8471292
2002/7/12,5724883
2002/7/15,4708941
2002/7/16,8339593
2002/7/17,4803760
2002/7/18,21394400
2002/7/19,9151205
2002/7/22,22267992
2002/7/23,10500988
2002/7/24,16952456
2002/7/25,5497155
2002/7/26,5017641
2002/7/29,8122111
2002/7/30,10878707
2002/7/31,8116149
2002/8/1,6261720
2002/8/2,3927364
2002/8/5,3381678
2002/8/6,6575058
2002/8/7,4259610
2002/8/8,3969885
2002/8/9,7741685
2002/8/12,6900600
2002/8/13,5204223
2002/8/14,7621220
2002/8/15,3886298
2002/8/16,6857222
2002/8/19,3407937
2002/8/20,7316845
2002/8/21,5229829
2002/8/22,13173485
2002/8/23,7592485
2002/8/26,8109133
2002/8/27,7938100
2002/8/28,11550533
2002/8/29,8846652
2002/8/30,5751168
2002/9/2,7119903
2002/9/3,6981608
2002/9/4,5457397
2002/9/5,8795149
2002/9/6,5634774
2002/9/9,7873842
2002/9/10,23941530
2002/9/11,28552916
2002/9/12,4984486
2002/9/13,3119148
2002/9/16,11280816
2002/9/17,7538521
2002/9/18,4660761
2002/9/19,10478770
2002/9/20,3949578
2002/9/23,6061634
2002/9/24,20063143
2002/9/25,10075783
2002/9/26,6093149
2002/9/27,4234851
2002/10/8,10069826
2002/10/9,6822147
2002/10/10,3018141
2002/10/11,3366265
2002/10/14,3024408
2002/10/15,5710573
2002/10/16,6327939
2002/10/17,4336014
2002/10/18,12464187
2002/10/21,4391499
2002/10/22,5735513
2002/10/23,2938025
2002/10/24,2637743
2002/10/25,6346386
2002/10/28,11679872
2002/10/29,8294858
2002/10/30,5323624
2002/10/31,7375701
2002/11/1,3830309
2002/11/4,5271415
2002/11/5,9402742
2002/11/6,4344756
2002/11/7,6446131
2002/11/8,7151816
2002/11/11,4915876
2002/11/12,6207445
2002/11/13,5035473
2002/11/14,4380220
2002/11/15,6065973
2002/11/18,5049727
2002/11/19,8450560
2002/11/20,25196773
2002/11/21,10494850
2002/11/22,6292793
2002/11/25,10418495
2002/11/26,5354392
2002/11/27,8506108
2002/11/28,6508407
2002/12/2,15455370
2002/12/3,8113029
2002/12/4,11045716
2002/12/5,35246694
2002/12/6,10116516
2002/12/9,7793264
2002/12/10,6946196
2002/12/11,6682742
2002/12/12,10541432
2002/12/13,5860451
2002/12/16,21310704
2002/12/17,7886188
2002/12/18,5434639
2002/12/19,6160134
2002/12/20,4353432
2002/12/23,5333977
2002/12/24,2257524
2002/12/25,3939760
2002/12/26,13383935
2002/12/27,8693114
2002/12/30,7672458
2002/12/31,4200254
2003/1/2,8921541
2003/1/3,4300516
2003/1/6,2438329
2003/1/7,3595101
2003/1/8,4438021
2003/1/9,6616310
2003/1/10,6010671
2003/1/13,3560912
2003/1/14,25012085
2003/1/15,30551168
2003/1/16,19870062
2003/1/17,10187340
2003/1/20,5466246
2003/1/21,12816356
2003/1/22,4309306
2003/1/23,5719869
2003/1/24,6438339
2003/1/27,10571327
2003/1/28,9383544
2003/1/29,8889672
2003/2/10,4508037
2003/2/11,2174401
2003/2/12,3959442
2003/2/13,7302546
2003/2/14,5111392
2003/2/17,4181515
2003/2/18,2772836
2003/2/19,2732606
2003/2/20,2269016
2003/2/21,5978463
2003/2/24,1625901
2003/2/25,4998648
2003/2/26,2904654
2003/2/27,4531823
2003/2/28,3636053
2003/3/3,16398104
2003/3/4,5200922
2003/3/5,26031534
2003/3/6,12426005
2003/3/7,6781984
2003/3/10,8423721
2003/3/11,5253243
2003/3/12,3146322
2003/3/13,5398370
2003/3/14,7388968
2003/3/17,12465705
2003/3/18,8320204
2003/3/19,8841844
2003/3/20,5120173
2003/3/21,5285370
2003/3/24,4522748
2003/3/25,5372767
2003/3/26,9202596
2003/3/27,5430724
2003/3/28,9946659
2003/3/31,7935303
2003/4/1,9730810
2003/4/2,9769605
2003/4/3,13726384
2003/4/4,12980379
2003/4/7,11509954
2003/4/8,15568085
2003/4/9,26059689
2003/4/10,27753599
2003/4/11,78671196
2003/4/14,33863674
2003/4/15,20927730
2003/4/16,45879208
2003/4/17,20049212
2003/4/18,14169319
2003/4/21,29053506
2003/4/22,13111434
2003/4/23,14679641
2003/4/24,24258559
2003/4/25,17541876
2003/4/28,19413811
2003/4/29,24464578
2003/4/30,33816176
2003/5/12,18413860
2003/5/13,36698786
2003/5/14,22223327
2003/5/15,25192950
2003/5/16,23550103
2003/5/19,32321424
2003/5/20,12771620
2003/5/21,7874689
2003/5/22,7672879
2003/5/23,17042735
2003/5/26,24833946
2003/5/27,8973935
2003/5/28,24413346
2003/5/29,13025241
2003/5/30,47295540
2003/6/2,16282794
2003/6/3,14325999
2003/6/4,10206523
2003/6/5,17422312
2003/6/6,9123796
2003/6/9,6174170
2003/6/10,4142275
2003/6/11,7712445
2003/6/13,8241151
2003/6/16,5108268
2003/6/17,7523686
2003/6/18,8004964
2003/6/19,8113184
2003/6/20,4175134
2003/6/23,19907731
2003/6/24,4313862
2003/6/25,10783228
2003/6/26,11265141
2003/6/27,6835321
2003/6/30,8803181
2003/7/1,12302828
2003/7/2,3354437
2003/7/3,7192931
2003/7/4,5492526
2003/7/7,4154239
2003/7/8,5693893
2003/7/9,3722710
2003/7/10,16057693
2003/7/11,14825594
2003/7/14,20533771
2003/7/15,15884705
2003/7/16,18717481
2003/7/17,24185340
2003/7/18,23126678
2003/7/21,16722758
2003/7/22,7381958
2003/7/23,13316655
2003/7/24,3437577
2003/7/25,6717751
2003/7/28,4383607
2003/7/29,3043368
2003/7/30,6375509
2003/7/31,5205478
2003/8/1,7459787
2003/8/4,6168033
2003/8/5,4411194
2003/8/6,5272928
2003/8/7,1725955
2003/8/8,4268481
2003/8/11,2260732
2003/8/12,1725279
2003/8/13,4138095
2003/8/14,4369482
2003/8/15,2117303
2003/8/18,2029145
2003/8/19,2595147
2003/8/20,1967310
2003/8/21,9879703
2003/8/22,8446625
2003/8/25,5036822
2003/8/26,2141565
2003/8/27,9547143
2003/8/28,3148383
2003/8/29,5896174
2003/9/1,10737291
2003/9/2,15963063
2003/9/3,2555237
2003/9/4,2733564
2003/9/5,12436931
2003/9/8,3877014
2003/9/9,7588439
2003/9/10,4387546
2003/9/11,2160179
2003/9/12,5941702
2003/9/15,5601667
2003/9/16,3803937
2003/9/17,14360717
2003/9/18,2508659
2003/9/19,8044199
2003/9/22,2488640
2003/9/23,1991592
2003/9/24,4821609
2003/9/25,4498042
2003/9/26,5638160
2003/9/29,3986232
2003/9/30,3068648
2003/10/8,1802810
2003/10/9,2406369
2003/10/10,2869291
2003/10/13,3500004
2003/10/14,3875773
2003/10/15,2523298
2003/10/16,3206207
2003/10/17,1759531
2003/10/20,1986082
2003/10/21,1421413
2003/10/22,4701448
2003/10/23,4898910
2003/10/24,2091740
2003/10/27,7761245
2003/10/28,6367834
2003/10/29,15341314
2003/10/30,20522203
2003/10/31,12895253
2003/11/3,11043553
2003/11/4,35781199
2003/11/5,40944023
2003/11/6,14718968
2003/11/7,17267141
2003/11/10,6335394
2003/11/11,6018093
2003/11/12,6839594
2003/11/13,4796537
2003/11/14,5200996
2003/11/17,3937139
2003/11/18,5590828
2003/11/19,7192949
2003/11/20,11467710
2003/11/21,4207140
2003/11/24,5751645
2003/11/25,7752298
2003/11/26,7832142
2003/11/27,13553445
2003/11/28,7138329
2003/12/1,20159528
2003/12/2,16075321
2003/12/3,31788191
2003/12/4,19152457
2003/12/5,48018185
2003/12/8,8392000
2003/12/9,8935849
2003/12/10,12660246
2003/12/11,10986759
2003/12/12,4539656
2003/12/15,4392702
2003/12/16,7816685
2003/12/17,19926940
2003/12/18,13788180
2003/12/19,14005567
2003/12/22,15017997
2003/12/23,25513368
2003/12/24,17578282
2003/12/25,18686453
2003/12/26,12938394
2003/12/30,10461733
2003/12/31,13951355
2004/1/2,16401867
2004/1/5,22096848
2004/1/6,25293426
2004/1/7,30614269
2004/1/8,23401787
2004/1/9,23829502
2004/1/12,16933810
2004/1/13,36807002
2004/1/14,71681040
2004/1/15,29112473
2004/1/16,21179706
2004/1/29,15425466
2004/1/30,22429306
2004/2/2,90694934
2004/2/3,23508437
2004/2/4,25042786
2004/2/5,26274156
2004/2/6,36392591
2004/2/9,16136748
2004/2/10,8054689
2004/2/11,12391205
2004/2/12,6196653
2004/2/13,7068284
2004/2/16,11599148
2004/2/17,20708523
2004/2/18,28085541
2004/2/19,17792327
2004/2/20,9294561
2004/2/23,11943403
2004/2/24,22993324
2004/2/25,15651947
2004/2/26,28613246
2004/2/27,12479813
2004/3/1,8324629
2004/3/2,75299463
2004/3/3,76280342
2004/3/4,17429571
2004/3/5,12628392
2004/3/8,19124563
2004/3/9,13474582
2004/3/10,9368573
2004/3/11,21204913
2004/3/12,123629708
2004/3/15,62741210
2004/3/16,106413222
2004/3/17,46683001
2004/3/18,55053859
2004/3/19,51625581
2004/3/22,35526463
2004/3/23,47091718
2004/3/24,46222270
2004/3/25,51190803
2004/3/26,59748602
2004/3/29,39480878
2004/3/30,20288601
2004/3/31,25543352
2004/4/1,29966660
2004/4/2,67825517
2004/4/5,68785082
2004/4/6,26461490
2004/4/7,72038041
2004/4/8,63361314
2004/4/9,135738045
2004/4/12,39974344
2004/4/13,60506087
2004/4/14,59198319
2004/4/15,22690028
2004/4/16,17042489
2004/4/19,22127813
2004/4/20,28305520
2004/4/21,14703155
2004/4/22,30019962
2004/4/23,29417711
2004/4/26,24414409
2004/4/28,21005617
2004/4/29,62795124
2004/4/30,47858161
2004/5/10,28883861
2004/5/11,24441916
2004/5/12,31635698
2004/5/13,55043074
2004/5/14,22432732
2004/5/17,12486993
2004/5/18,70073744
2004/5/19,17709875
2004/5/20,9068633
2004/5/21,4704499
2004/5/24,5641346
2004/5/25,18589609
2004/5/26,10011880
2004/5/27,13778597
2004/5/28,7168549
2004/6/1,13507855
2004/6/2,8832775
2004/6/3,2869881
2004/6/4,7529168
2004/6/7,8856253
2004/6/8,12115216
2004/6/9,17036585
2004/6/10,84607735
2004/6/11,31913342
2004/6/14,40393296
2004/6/15,70392158
2004/6/16,22482333
2004/6/17,49602583
2004/6/18,38053133
2004/6/21,3441885
2004/6/22,4238393
2004/6/23,1987467
2004/6/24,4133360
2004/6/25,12619117
2004/6/28,10476223
2004/6/29,23479163
2004/6/30,13952503
2004/7/1,7361258
2004/7/2,7731847
2004/7/5,14545862
2004/7/6,47067614
2004/7/7,38002932
2004/7/8,6779704
2004/7/9,4678105
2004/7/12,12351574
2004/7/13,18772253
2004/7/14,13176396
2004/7/15,85455066
2004/7/16,17947709
2004/7/19,25718864
2004/7/20,23908753
2004/7/21,23041353
2004/7/22,87061727
2004/7/23,32608304
2004/7/26,20362836
2004/7/27,33370357
2004/7/28,25861812
2004/7/29,10010293
2004/7/30,7475971
2004/8/2,21734520
2004/8/3,22860312
2004/8/4,13978388
2004/8/5,6399271
2004/8/6,7857159
2004/8/9,7317440
2004/8/10,7820329
2004/8/11,3119880
2004/8/12,8383159
2004/8/13,11134747
2004/8/16,5336450
2004/8/17,5905094
2004/8/18,16624721
2004/8/19,17653366
2004/8/20,16868762
2004/8/23,16839797
2004/8/24,8339871
2004/8/25,4768554
2004/8/26,6353347
2004/8/27,3898855
2004/8/30,10126801
2004/8/31,7032456
2004/9/1,10907461
2004/9/2,12428743
2004/9/3,7734124
2004/9/6,6677838
2004/9/7,7621058
2004/9/8,13766558
2004/9/9,30324405
2004/9/10,6519369
2004/9/13,9459180
2004/9/14,18071359
2004/9/15,35117697
2004/9/16,36213781
2004/9/17,42076514
2004/9/20,39168091
2004/9/21,27222818
2004/9/22,13965168
2004/9/23,58219692
2004/9/24,108295826
2004/9/27,21339456
2004/9/28,23948625
2004/9/29,48864987
2004/9/30,26230672
2004/10/8,34809243
2004/10/11,38270567
2004/10/12,26810800
2004/10/13,23571291
2004/10/14,23199283
2004/10/15,18189199
2004/10/18,8190572
2004/10/19,37755969
2004/10/20,58326643
2004/10/21,22003540
2004/10/22,70151234
2004/10/25,61900269
2004/10/26,19618432
2004/10/27,47630068
2004/10/28,36495905
2004/10/29,55678746
2004/11/1,14302880
2004/11/2,12926156
2004/11/3,29484721
2004/11/4,26198028
2004/11/5,95080945
2004/11/8,13062547
2004/11/9,27801916
2004/11/10,44436007
2004/11/11,32780357
2004/11/12,21837428
2004/11/15,34292416
2004/11/16,12563653
2004/11/17,30415917
2004/11/18,9967008
2004/11/19,12098840
2004/11/22,24094050
2004/11/23,22797433
2004/11/24,15819097
2004/11/25,22286271
2004/11/26,7411584
2004/11/29,20728652
2004/11/30,6026605
2004/12/1,2900938
2004/12/2,14671547
2004/12/3,2303971
2004/12/6,4068796
2004/12/7,6998528
2004/12/8,37575758
2004/12/9,41890865
2004/12/10,3311205
2004/12/13,8189873
2004/12/14,4601617
2004/12/15,40055481
2004/12/16,42361519
2004/12/17,3805636
2004/12/20,8749161
2004/12/21,7700170
2004/12/22,11055083
2004/12/23,24351861
2004/12/24,15920008
2004/12/27,5614076
2004/12/28,10655265
2004/12/29,21025179
2004/12/30,12358921
2004/12/31,21514898
2005/1/4,8566179
2005/1/5,22582400
2005/1/6,20282548
2005/1/7,11115440
2005/1/10,40597723
2005/1/11,19240403
2005/1/12,12949338
2005/1/13,11159242
2005/1/14,12691131
2005/1/17,6845213
2005/1/18,10016326
2005/1/19,10180585
2005/1/20,3670093
2005/1/21,11879307
2005/1/24,15943177
2005/1/25,22704867
2005/1/26,14767520
2005/1/27,4007784
2005/1/28,5226481
2005/1/31,4552532
2005/2/1,15598247
2005/2/2,21280023
2005/2/3,17455936
2005/2/4,15785371
2005/2/16,17660778
2005/2/17,45296879
2005/2/18,37550338
2005/2/21,42401501
2005/2/22,22687067
2005/2/23,23056177
2005/2/24,40046102
2005/2/25,25777149
2005/2/28,19453353
2005/3/1,23670511
2005/3/2,48820913
2005/3/3,14586728
2005/3/4,18804824
2005/3/7,45290496
2005/3/8,29575338
2005/3/9,21694338
2005/3/10,21498741
2005/3/11,42521284
2005/3/14,48987452
2005/3/15,27220784
2005/3/16,31720439
2005/3/17,23726912
2005/3/18,11319532
2005/3/21,12692125
2005/3/22,59468831
2005/3/23,62550272
2005/3/24,43515225
2005/3/25,10960985
2005/3/28,11802982
2005/3/29,11989719
2005/3/30,11744620
2005/3/31,7129716
2005/4/1,16774374
2005/4/4,26985512
2005/4/5,24660016
2005/4/6,28795816
2005/4/7,64340829
2005/4/8,22165004
2005/4/11,44306742
2005/4/12,9516181
2005/4/13,42332154
2005/4/14,9295179
2005/4/15,7963442
2005/4/18,14168640
2005/4/19,36608850
2005/4/20,24960623
2005/4/21,13403617
2005/4/22,16950065
2005/4/25,65092003
2005/4/26,71600714
2005/4/27,39437614
2005/4/28,45118705
2005/4/29,35950860
2005/5/9,39655697
2005/5/10,32384041
2005/5/11,33782884
2005/5/12,69749251
2005/5/13,73784829
2005/5/16,12703148
2005/5/17,38326325
2005/5/18,46208050
2005/5/19,25028891
2005/5/20,29146429
2005/5/23,12730239
2005/5/24,6674005
2005/5/25,15348058
2005/5/26,49432691
2005/5/27,71377627
2005/5/30,40352669
2005/5/31,53080356
2005/6/1,38201051
2005/6/2,105700729
2005/6/3,29143703
2005/6/6,18349446
2005/6/7,27080944
2005/6/8,52789496
2005/6/9,38204045
2005/6/10,19681140
2005/6/13,33389071
2005/6/14,34530651
2005/6/15,7599370
2005/6/16,28452404
2005/6/17,15703945
2005/6/20,62906075
2005/6/21,13347957
2005/6/22,31728393
2005/6/23,27503937
2005/6/24,31786457
2005/6/27,58344425
2005/6/28,20129464
2005/6/30,68740725
2005/7/1,32182036
2005/7/4,15730157
2005/7/5,11662288
2005/7/6,32226601
2005/7/7,29052550
2005/7/8,35940472
2005/7/11,34538170
2005/7/12,30210107
2005/7/13,19981575
2005/7/14,10624551
2005/7/15,5300561
2005/7/18,8258010
2005/7/19,7015760
2005/7/20,15767931
2005/7/21,13127981
2005/7/22,31708848
2005/7/25,35971529
2005/7/26,41433496
2005/7/27,28350004
2005/7/28,45732284
2005/7/29,12951117
2005/8/1,20465514
2005/8/2,22676468
2005/8/3,43619808
2005/8/4,58044426
2005/8/5,29678263
2005/8/8,39434837
2005/8/9,26540331
2005/8/10,26665195
2005/8/11,63589532
2005/8/12,22081209
2005/8/15,32711316
2005/8/16,27203993
2005/8/17,60400828
2005/8/18,52638476
2005/8/19,23314587
2005/8/22,32877617
2005/8/23,22825313
2005/8/24,15394347
2005/8/25,16937359
2005/8/26,22162003
2005/8/29,24984384
2005/8/30,11883761
2005/8/31,11660189
2005/9/1,27342423
2005/9/2,25226079
2005/9/5,19986278
2005/9/6,16132458
2005/9/7,26062481
2005/9/8,31589421
2005/9/9,21034934
2005/9/12,7856513
2005/9/13,24688592
2005/9/14,16772020
2005/9/15,8846890
2005/9/16,16398350
2005/9/19,10355074
2005/9/20,9041752
2005/9/21,14686809
2005/9/22,16372929
2005/9/23,15048364
2005/9/26,8657470
2005/9/27,8278850
2005/9/28,11331850
2005/9/29,10308512
2005/9/30,16352331
2005/10/10,12946800
2005/10/11,6622928
2005/10/12,39835259
2005/10/13,51553349
2005/10/14,22786107
2005/10/17,43391916
2005/10/18,44960711
2005/10/19,37063755
2005/10/20,26662088
2005/10/21,15694623
2005/10/24,20771238
2005/10/25,55177336
2005/10/26,45847901
2005/10/27,45785210
2005/10/28,33237651
2005/10/31,32099219
2005/11/1,41028115
2005/11/2,13366082
2005/11/3,12120721
2005/11/4,22899009
2005/11/7,11545343
2005/11/8,28543068
2005/11/9,28203162
2005/11/10,18352311
2005/11/11,13501333
2005/11/14,9877960
2005/11/15,35512394
2005/11/16,33007959
2005/11/17,49497150
2005/11/18,31397165
2005/11/21,20639360
2005/11/22,16131067
2005/11/23,6306488
2005/11/24,49193081
2005/11/25,17618489
2005/11/28,6903246
2005/11/29,11117104
2005/11/30,28172021
2005/12/1,23266367
2005/12/2,42441653
2005/12/5,12151492
2005/12/6,65529318
2005/12/7,18878496
2005/12/8,16002582
2005/12/9,66478204
2005/12/12,63383458
2005/12/13,83729902
2005/12/14,75326820
2005/12/15,25306079
2005/12/16,28659038
2005/12/19,20587488
2005/12/20,19679338
2005/12/21,21349222
2005/12/22,14361625
2005/12/23,27434932
2005/12/26,30863111
2005/12/27,32574560
2005/12/28,28274416
2005/12/29,72783428
2005/12/30,167469295
2006/1/4,157456208
2006/1/5,75918198
2006/1/6,77233333
2006/1/9,96726018
2006/1/10,82153545
2006/1/11,39227536
2006/1/12,46568064
2006/1/13,47330433
2006/1/16,36255138
2006/1/17,63618353
2006/1/18,45114697
2006/1/19,33651491
2006/1/20,65092507
2006/1/23,59899023
2006/1/24,52535743
2006/1/25,73251753
2006/2/6,74143388
2006/2/7,140985315
2006/2/8,110727360
2006/2/9,38004186
2006/2/10,160573342
2006/2/13,98029548
2006/2/15,168845650
2006/2/16,110783125
2006/2/17,51929488
2006/2/20,62004351
2006/2/21,59431946
2006/2/22,60384853
2006/2/23,69601180
2006/4/17,1630985
2006/4/18,2444655
2006/4/19,364421942
2006/4/20,475176332
2006/4/21,278281209
2006/4/24,322955394
2006/4/25,357994221
2006/5/25,811908674
2006/5/26,360661885
2006/5/29,345986865
2006/5/30,664776550
2006/5/31,747411522
2006/6/1,438913211
2006/6/2,348052311
2006/6/5,308294272
2006/6/6,246688992
2006/6/7,302769993
2006/6/8,247094039
2006/6/9,247306955
2006/6/12,311536764
2006/6/13,347247357
2006/6/14,287725376
2006/6/15,242480009
2006/6/16,188160360
2006/6/19,368697291
2006/6/20,181973717
2006/6/21,172805456
2006/6/22,111205968
2006/6/23,130091791
2006/6/26,227823194
2006/6/27,252140738
2006/6/28,128599786
2006/6/29,178456804
2006/6/30,185164398
2006/7/3,225238880
2006/7/4,242839931
2006/7/5,72575812
2006/7/6,103048532
2006/7/7,129587181
2006/7/10,125019271
2006/7/11,122211032
2006/7/12,145831734
2006/7/13,175231413
2006/7/14,80947648
2006/7/17,115482082
2006/7/18,68227611
2006/7/19,136738969
2006/7/20,85005958
2006/7/21,47693738
2006/7/24,185467434
2006/7/25,151329073
2006/7/26,80947127
2006/7/27,113653352
2006/7/28,104187953
2006/7/31,70945071
2006/8/1,58663703
2006/8/2,39215950
2006/8/3,71947181
2006/8/4,63433581
2006/8/7,59874589
2006/8/8,33435494
2006/8/9,44982771
2006/8/10,57720598
2006/8/11,32036673
2006/8/14,49033692
2006/8/15,28008387
2006/8/16,40252021
2006/8/17,48410678
2006/8/18,14888941
2006/8/21,32062134
2006/8/22,49977253
2006/8/23,93035269
2006/8/24,55366636
2006/8/25,32852244
2006/8/28,112066807
2006/8/29,171776439
2006/8/30,43806887
2006/8/31,55827539
2006/9/1,48927412
2006/9/4,26589669
2006/9/5,55522598
2006/9/6,51403210
2006/9/7,46987030
2006/9/8,26157744
2006/9/11,36625467
2006/9/12,85026963
2006/9/13,81014932
2006/9/14,284212834
2006/9/15,134841289
2006/9/18,155113047
2006/9/19,138992138
2006/9/20,105158852
2006/9/21,76643185
2006/9/22,57912198
2006/9/25,49168157
2006/9/26,54462375
2006/9/27,36977026
2006/9/28,77577351
2006/9/29,107764446
2006/10/9,191569287
2006/10/10,124074029
2006/10/11,60357112
2006/10/12,70986726
2006/10/13,73257749
2006/10/16,180476685
2006/10/17,73212480
2006/10/18,118175550
2006/10/19,83199478
2006/10/20,60370256
2006/10/23,198293833
2006/10/24,138579123
2006/10/25,261743388
2006/10/26,112072591
2006/10/27,80382720
2006/10/30,66246109
2006/10/31,61092387
2006/11/1,67866974
2006/11/2,123978621
2006/11/3,75858369
2006/11/6,147856261
2006/11/7,119649818
2006/11/8,143238979
2006/11/9,90494365
2006/11/10,191717604
2006/11/13,161068513
2006/11/14,183957465
2006/11/15,211445126
2006/11/16,313184874
2006/11/17,244957666
2006/11/20,174396384
2006/11/21,190983784
2006/11/22,182237646
2006/11/23,79824997
2006/11/24,148702618
2006/11/27,106393463
2006/11/28,180775984
2006/11/29,172337879
2006/11/30,141522146
2006/12/1,282813533
2006/12/4,185669864
2006/12/5,266976425
2006/12/6,256408498
2006/12/7,151160168
2006/12/8,152466866
2006/12/11,188889525
2006/12/12,84919970
2006/12/13,239515640
2006/12/14,279885276
2006/12/15,185540482
2006/12/18,295726593
2006/12/19,326181880
2006/12/20,212351401
2006/12/21,256088471
2006/12/22,249249212
2006/12/25,207941105
2006/12/27,169858959
2006/12/28,248296941
2006/12/29,728497750
2007/1/4,394957199
2007/1/5,236787475
2007/1/8,417405505
2007/1/9,248096035
2007/1/10,249921322
2007/1/11,341540304
2007/1/12,347136997
2007/1/15,305993934
2007/1/16,344077710
2007/1/17,257353976
2007/1/18,315103130
2007/1/19,243504208
2007/1/22,290839225
2007/1/23,450098219
2007/1/24,212553649
2007/1/25,490557153
2007/1/26,380378208
2007/1/29,201345338
2007/1/30,287395106
2007/1/31,352147545
2007/2/1,265744453
2007/2/2,151508799
2007/2/5,194534210
2007/2/6,365914405
2007/2/7,175261713
2007/2/8,176642962
2007/2/9,116298291
2007/2/12,120701377
2007/2/13,184420201
2007/2/14,154853057
2007/2/15,173731362
2007/2/16,256784061
2007/2/26,150045013
2007/2/27,292514587
2007/3/1,429485218
2007/3/2,341362336
2007/3/5,208807884
2007/3/6,241040734
2007/3/7,271589373
2007/3/8,138217148
2007/3/9,162560220
2007/3/12,193188602
2007/3/13,186420809
2007/3/14,207586165
2007/3/15,201776897
2007/3/16,140836291
2007/3/19,253220579
2007/3/20,201378936
2007/3/21,266389529
2007/3/22,291678124
2007/3/23,283551750
2007/3/26,212983960
2007/3/27,345056807
2007/3/28,323233779
2007/3/29,465028032
2007/3/30,293158039
2007/4/2,261934932
2007/4/3,402378753
2007/4/4,395605830
2007/4/5,358362495
2007/4/6,259568009
2007/4/9,591101165
2007/4/10,597770870
2007/4/11,504663488
2007/4/12,739231914
2007/4/13,867089257
2007/4/16,383878218
2007/4/17,442356324
2007/4/18,470273102
2007/4/19,372975317
2007/4/20,392180310
2007/4/23,447869454
2007/4/24,372593709
2007/4/25,362266657
2007/4/26,325641558
2007/4/27,250199461
2007/4/30,414391808
2007/5/8,444700567
2007/5/9,1394029058
2007/5/14,1263779092
2007/5/15,655524409
2007/5/16,468228612
2007/5/17,930266093
2007/5/18,517580169
2007/5/21,402560491
2007/5/22,567699268
2007/5/23,391972671
2007/5/24,548678429
2007/5/25,883158731
2007/5/28,607604935
2007/5/29,480225991
2007/5/30,756701836
2007/6/1,775108764
2007/6/4,627231638
2007/6/5,544757934
2007/6/6,329128886
2007/6/7,562638223
2007/6/8,381067005
2007/6/11,620110688
2007/6/12,529299495
2007/6/13,465951672
2007/6/14,435609721
2007/6/15,185772690
2007/6/18,277680174
2007/6/19,348478544
2007/6/20,236303439
2007/6/21,238688175
2007/6/22,218079514
2007/6/25,398355115
2007/6/26,145796096
2007/6/27,293372111
2007/6/28,326430499
2007/6/29,186255139
2007/7/2,229624506
2007/7/3,129623748
2007/7/4,135460424
2007/7/5,194675509
2007/7/6,180456456
2007/7/9,138656746
2007/7/10,115825748
2007/7/11,140017458
2007/7/12,168661711
2007/7/13,104813064
2007/7/16,121378863
2007/7/17,168233760
2007/7/18,130799471
2007/7/19,173893104
2007/7/20,171502982
2007/7/23,237054485
2007/7/24,162555321
2007/7/25,186522568
2007/7/26,161489704
2007/7/27,196650321
2007/7/30,339526695
2007/7/31,344790131
2007/8/1,253670740
2007/8/2,264786522
2007/8/3,458343376
2007/8/6,239532860
2007/8/7,327024703
2007/8/8,183151083
2007/8/9,224211231
2007/8/10,338962358
2007/8/13,259481908
2007/8/14,218395050
2007/8/15,323360822
2007/8/16,286757937
2007/8/17,330979043
2007/8/20,265241753
2007/8/21,278103261
2007/8/22,401151824
2007/8/23,304024687
2007/8/24,326076166
2007/8/27,327422195
2007/8/28,265824520
2007/8/29,186047475
2007/8/30,142153246
2007/8/31,158100458
2007/9/3,303353295
2007/9/4,723864066
2007/9/5,343653908
2007/9/6,412746126
2007/9/7,480091647
2007/9/10,577753207
2007/9/11,374651914
2007/9/12,173598048
2007/9/13,302740276
2007/9/14,533527808
2007/9/17,581454298
2007/9/18,218334186
2007/9/19,410862934
2007/9/20,185888065
2007/9/21,183153720
2007/9/24,450160399
2007/9/25,424466923
2007/9/26,450482553
2007/9/27,185721030
2007/9/28,406110739
2007/10/8,349755743
2007/10/9,587350510
2007/10/10,370471299
2007/10/11,530601955
2007/10/12,456041256
2007/10/15,388728699
2007/10/16,389861626
2007/10/17,267399495
2007/10/18,355237068
2007/10/19,320347389
2007/10/22,139362375
2007/10/23,420266818
2007/10/24,485816458
2007/10/25,394422086
2007/10/26,379656727
2007/10/29,212842981
2007/10/30,233823943
2007/10/31,206054370
2007/11/1,178327384
2007/11/2,250008018
2007/11/5,96705832
2007/11/6,44828815
2007/11/7,162628670
2007/11/8,99837136
2007/11/9,88657729
2007/11/12,256445671
2007/11/13,425423638
2007/11/14,203847742
2007/11/15,195317064
2007/11/16,67016964
2007/11/19,98848664
2007/11/20,174670137
2007/11/21,229047999
2007/11/22,140489848
2007/11/23,134898312
2007/11/26,154008451
2007/11/27,199433858
2007/11/28,201326440
2007/11/29,323298143
2007/11/30,248057710
2007/12/3,147689836
2007/12/4,158913696
2007/12/5,180611804
2007/12/6,96863844
2007/12/7,222166859
2007/12/11,596580876
2007/12/12,511973884
2007/12/13,349075780
2007/12/14,331667409
2007/12/17,373879346
2007/12/18,372844742
2007/12/19,278674107
2007/12/20,140714576
2007/12/21,198189104
2007/12/24,449776303
2007/12/25,368772023
2007/12/26,322367541
2007/12/27,485898989
2007/12/28,600445954
2008/1/2,428486871
2008/1/3,638361163
2008/1/4,704732968
2008/1/7,646078990
2008/1/8,682166585
2008/1/9,256589157
2008/1/10,450693940
2008/1/11,425014224
2008/1/14,959882221
2008/1/15,486145572
2008/1/16,502236876
2008/1/17,697313171
2008/1/18,441871091
2008/1/21,531115484
2008/1/22,949589574
2008/1/23,502720215
2008/1/24,408534678
2008/1/25,397838438
2008/1/28,303150636
2008/1/29,217278903
2008/1/30,621090086
2008/1/31,289075904
2008/2/1,431423198
2008/2/4,617972158
2008/2/5,177590097
2008/2/13,101444765
2008/2/14,153806138
2008/2/15,256163700
2008/2/18,257765662
2008/2/19,149403801
2008/2/20,200650696
2008/2/21,250662269
2008/2/22,391675409
2008/2/25,222633128
2008/2/26,669275552
2008/2/27,231597749
2008/2/28,137808743
2008/2/29,137296143
2008/3/3,380241620
2008/3/4,847885908
2008/3/5,310232368
2008/3/6,180277491
2008/3/7,315047844
2008/3/10,223726599
2008/3/11,241463106
2008/3/12,130239209
2008/3/13,344992828
2008/3/14,244698923
2008/3/17,344059102
2008/3/18,577180431
2008/3/19,355372038
2008/3/20,275079993
2008/3/21,77823413
2008/3/24,179280128
2008/3/25,211875344
2008/3/26,83590677
2008/3/27,344830534
2008/3/28,123097898
2008/3/31,281358730
2008/4/1,252613478
2008/4/2,298960718
2008/4/3,237997145
2008/4/7,394870541
2008/4/8,247291459
2008/4/9,234604519
2008/4/10,365825520
2008/4/11,424169970
2008/4/14,369038598
2008/4/15,330691480
2008/4/16,265734673
2008/4/17,176634095
2008/4/18,229547374
2008/4/21,250079531
2008/4/22,359871902
2008/4/23,211089327
2008/4/24,718031257
2008/4/25,429087518
2008/4/28,220439148
2008/4/29,107374297
2008/4/30,215284885
2008/5/5,148396736
2008/5/6,152222994
2008/5/7,131020228
2008/5/8,154116406
2008/5/9,102419877
2008/5/12,163594356
2008/5/13,91723212
2008/5/14,108222058
2008/5/15,271639672
2008/5/16,85690776
2008/5/19,68955076
2008/5/20,176605312
2008/5/21,334549900
2008/5/22,129331816
2008/5/23,220240585
2008/5/26,125694889
2008/5/27,265513865
2008/5/29,160096339
2008/5/30,87809655
2008/6/2,141068877
2008/6/3,112098666
2008/6/4,113903649
2008/6/5,65373349
2008/6/6,127119585
2008/6/10,201611524
2008/6/11,142357442
2008/6/12,210043603
2008/6/13,92612196
2008/6/16,148642350
2008/6/17,246424803
2008/6/18,250451606
2008/6/19,98494725
2008/6/20,202610966
2008/6/23,212913434
2008/6/24,297466611
2008/6/25,180759313
2008/6/26,111847423
2008/6/27,228606779
2008/6/30,118554068
2008/7/1,105264085
2008/7/2,82567695
2008/7/3,109603235
2008/7/4,56193917
2008/7/7,180401010
2008/7/8,198628781
2008/7/9,149141345
2008/7/10,104839731
2008/7/11,43833508
2008/7/14,77047467
2008/7/15,83892162
2008/7/16,132617391
2008/7/17,279088472
2008/7/18,142269871
2008/7/21,130639362
2008/7/22,68299820
2008/7/23,71187874
2008/7/24,70637128
2008/7/25,84972166
2008/7/28,41662711
2008/7/29,57706465
2008/7/30,56168227
2008/7/31,75934188
2008/8/1,51369908
2008/8/4,44858745
2008/8/5,37049801
2008/8/6,51922049
2008/8/7,66288542
2008/8/8,93064197
2008/8/11,119572175
2008/8/12,66330532
2008/8/13,93902071
2008/8/14,195801266
2008/8/15,83530667
2008/8/18,50108017
2008/8/19,90342081
2008/8/20,107725247
2008/8/21,76438604
2008/8/22,42273682
2008/8/25,69152201
2008/8/26,66199366
2008/8/27,62380812
2008/8/28,132676988
2008/8/29,127159473
2008/9/1,190733791
2008/9/2,345618729
2008/9/3,449922401
2008/9/4,103033863
2008/9/5,110693148
2008/9/8,105669098
2008/9/9,54748548
2008/9/10,87984658
2008/9/11,61859282
2008/9/12,82660639
2008/9/16,179668933
2008/9/17,110881400
2008/9/18,376114728
2008/9/19,620150766
2008/9/22,768578260
2008/9/23,429875015
2008/9/24,173930712
2008/9/25,194816771
2008/9/26,180847064
2008/10/6,79100704
2008/10/7,122750250
2008/10/8,125437058
2008/10/9,104831467
2008/10/10,152282552
2008/10/13,235133757
2008/10/14,132830726
2008/10/15,92239896
2008/10/16,153358634
2008/10/17,279732706
2008/10/20,290614960
2008/10/21,126303889
2008/10/22,180490227
2008/10/23,143747863
2008/10/24,87060611
2008/10/27,256201117
2008/10/28,128811658
2008/10/29,115424336
2008/10/30,96284438
2008/10/31,81109754
2008/11/3,58047685
2008/11/4,100749260
2008/11/5,107649675
2008/11/6,54677055
2008/11/7,300147112
2008/11/10,356262510
2008/11/11,238775064
2008/11/12,158558387
2008/11/13,308558184
2008/11/14,453503655
2008/11/17,259620384
2008/11/18,293853929
2008/11/19,169157858
2008/11/20,158050735
2008/11/21,240102783
2008/11/24,94604336
2008/11/25,98311604
2008/11/26,72963471
2008/11/27,279561185
2008/11/28,124047780
2008/12/1,80427907
2008/12/2,154215263
2008/12/3,154141971
2008/12/4,297576223
2008/12/5,212898263
2008/12/8,205494828
2008/12/9,152317570
2008/12/10,156049024
2008/12/11,238497429
2008/12/12,186650270
2008/12/15,160434275
2008/12/16,138960606
2008/12/17,116363451
2008/12/18,138647935
2008/12/19,125345376
2008/12/22,105588565
2008/12/23,205256836
2008/12/24,87320039
2008/12/25,99538455
2008/12/26,98854298
2008/12/29,323745151
2008/12/30,236161195
2008/12/31,198482898
2009/1/5,145941833
2009/1/6,406113062
2009/1/7,164245370
2009/1/8,198641989
2009/1/9,127445738
2009/1/12,176815197
2009/1/13,186485267
2009/1/14,323066499
2009/1/15,298447689
2009/1/16,955914881
2009/1/19,498196988
2009/1/20,493242104
2009/1/21,605392794
2009/1/22,214057665
2009/1/23,336252633
2009/2/2,312618479
2009/2/3,497248868
2009/2/4,454067228
2009/2/5,412164202
2009/2/6,433677718
2009/2/9,521391758
2009/2/10,317723285
2009/2/11,478088769
2009/2/12,653107948
2009/2/13,301643451
2009/2/16,334068266
2009/2/17,719184147
2009/2/18,566412062
2009/2/19,300896281
2009/2/20,424596429
2009/2/23,245915638
2009/2/24,480302641
2009/2/25,341607459
2009/2/26,343984112
2009/2/27,494464222
2009/3/2,318786734
2009/3/3,215625552
2009/3/4,510627173
2009/3/5,289227189
2009/3/6,245701371
2009/3/9,268799957
2009/3/10,185611677
2009/3/11,104417185
2009/3/12,130769829
2009/3/13,230105105
2009/3/16,151397338
2009/3/17,213668060
2009/3/18,208086081
2009/3/19,223567500
2009/3/20,182170364
2009/3/23,384766613
2009/3/24,424130707
2009/3/25,984739037
2009/3/26,664500701
2009/3/27,479104606
2009/3/30,276929285
2009/3/31,301354057
2009/4/1,468753741
2009/4/2,441249387
2009/4/3,492530479
2009/4/7,251182411
2009/4/8,299738748
2009/4/9,214789862
2009/4/10,484222233
2009/4/13,448077486
2009/4/14,457162680
2009/4/15,457652477
2009/4/16,462321653
2009/4/17,466339526
2009/4/20,406055404
2009/4/21,492951211
2009/4/22,504087423
2009/4/23,274007781
2009/4/24,280863293
2009/4/27,339940606
2009/4/28,395869106
2009/4/29,360384150
2009/4/30,238142369
2009/5/4,278414610
2009/5/5,270072390
2009/5/6,447395076
2009/5/7,406117083
2009/5/8,359535974
2009/5/11,384271989
2009/5/12,300962117
2009/5/13,415020691
2009/5/14,249787985
2009/5/15,195071191
2009/5/18,412318356
2009/5/19,312662778
2009/5/20,171589134
2009/5/21,296204406
2009/5/25,380853032
2009/5/26,190817891
2009/5/27,316980547
2009/6/1,537473265
2009/6/2,600394403
2009/6/3,347246937
2009/6/4,553191419
2009/6/5,973345740
2009/6/8,469785127
2009/6/9,969552012
2009/6/10,348306255
2009/6/11,533435068
2009/6/12,357604702
2009/6/15,592083839
2009/6/16,271544262
2009/6/17,310521875
2009/6/18,564072323
2009/6/19,253253630
2009/6/22,285552148
2009/6/23,364099880
2009/6/24,276526128
2009/6/25,295200887
2009/6/26,250833621
2009/6/29,553072336
2009/6/30,359599491
2009/7/1,281759830
2009/7/2,395317139
2009/7/3,376552059
2009/7/6,423754900
2009/7/7,399773428
2009/7/8,378380305
2009/7/9,505222990
2009/7/10,451971144
2009/7/13,601703320
2009/7/14,408475427
2009/7/15,477906537
2009/7/16,542209782
2009/7/17,210098779
2009/7/20,572069340
2009/7/21,627819240
2009/7/22,366601445
2009/7/23,253176789
2009/7/24,673882706
2009/7/27,969451469
2009/7/28,564423483
2009/7/29,556652765
2009/7/30,410415145
2009/7/31,494144461
2009/8/3,693624944
2009/8/4,329545708
2009/8/5,893443535
2009/8/6,644496759
2009/8/7,953137970
2009/8/10,472002862
2009/8/11,611324918
2009/8/12,698628591
2009/8/13,544005102
2009/8/14,390424195
2009/8/17,451437989
2009/8/18,448107193
2009/8/19,509878566
2009/8/20,522725007
2009/8/21,383636526
2009/8/24,212008261
2009/8/25,377947429
2009/8/26,353413336
2009/8/27,356997195
2009/8/28,386203839
2009/8/31,568178140
2009/9/1,313194378
2009/9/2,243221073
2009/9/3,293428432
2009/9/4,332587085
2009/9/7,630053587
2009/9/8,572753391
2009/9/9,512038300
2009/9/10,218828433
2009/9/11,224260634
2009/9/14,260573647
2009/9/15,294648966
2009/9/16,219954118
2009/9/17,275360254
2009/9/18,301101120
2009/9/21,422889399
2009/9/22,697323678
2009/9/23,356415097
2009/9/24,302998962
2009/9/25,304628817
2009/9/28,222874121
2009/9/29,251534805
2009/9/30,212532258
2009/10/9,210257020
2009/10/12,147502660
2009/10/13,170054046
2009/10/14,612459767
2009/10/15,454982752
2009/10/16,447651087
2009/10/19,698074669
2009/10/20,666676389
2009/10/21,617367731
2009/10/22,585366561
2009/10/23,739672651
2009/10/26,716061313
2009/10/27,396334908
2009/10/28,300201158
2009/10/29,323781024
2009/10/30,432308188
2009/11/2,506826774
2009/11/3,322722635
2009/11/4,543718745
2009/11/5,325198987
2009/11/6,427266654
2009/11/9,295938895
2009/11/10,527631019
2009/11/11,698929654
2009/11/12,706940280
2009/11/13,845848184
2009/11/16,721755719
2009/11/17,506410452
2009/11/18,282834420
2009/11/19,291816172
2009/11/20,391812970
2009/11/23,602278226
2009/11/24,757143585
2009/11/25,557388538
2009/11/26,452465235
2009/11/27,411859873
2009/11/30,749610425
2009/12/1,698056574
2009/12/2,362528922
2009/12/3,433467098
2009/12/4,530120181
2009/12/7,808969972
2009/12/8,456591109
2009/12/9,308029900
2009/12/10,284681531
2009/12/11,290069819
2009/12/14,368762139
2009/12/15,359287534
2009/12/16,555677963
2009/12/17,469717785
2009/12/18,302160706
2009/12/21,303592013
2009/12/22,271984510
2009/12/23,350286334
2009/12/24,655732970
2009/12/25,542382941
2009/12/28,474640192
2009/12/29,367265881
2009/12/30,815387555
2009/12/31,507306247
2010/1/4,753405635
2010/1/5,535720422
2010/1/6,666073283
2010/1/7,801445269
2010/1/8,593162176
2010/1/11,395563861
2010/1/12,509373871
2010/1/13,621261800
2010/1/14,775471608
2010/1/15,788328964
2010/1/18,368485894
2010/1/19,302797491
2010/1/20,353315689
2010/1/21,287779661
2010/1/22,416305093
2010/1/25,385581318
2010/1/26,553152669
2010/1/27,320765897
2010/1/28,507716302
2010/1/29,628192888
2010/2/1,499867002
2010/2/2,260426281
2010/2/3,382974414
2010/2/4,376703449
2010/2/5,445744684
2010/2/8,548228595
2010/2/9,243172993
2010/2/10,109830207
2010/2/11,259254548
2010/2/12,161899961
2010/2/22,207127846
2010/2/23,391601201
2010/2/24,165405133
2010/2/25,258220826
2010/2/26,173028879
2010/3/1,361550327
2010/3/2,284524248
2010/3/3,235470730
2010/3/4,234440689
2010/3/5,160821083
2010/3/8,380034354
2010/3/9,201437828
2010/3/10,192984027
2010/3/11,220769894
2010/3/12,197699619
2010/3/15,251338919
2010/3/16,123284715
2010/3/17,298972351
2010/3/18,234364030
2010/3/19,212046433
2010/3/22,364454790
2010/3/23,288785264
2010/3/24,320611718
2010/3/25,155141078
2010/3/26,328239751
2010/3/29,505626392
2010/3/30,304981145
2010/3/31,237596436
2010/4/1,383228783
2010/4/2,2359758883
2010/4/6,806704607
2010/4/7,623779291
2010/4/8,497205376
2010/4/9,809627274
2010/4/12,568871643
2010/4/13,807780230
2010/4/14,693802745
2010/4/15,602138292
2010/4/16,434500524
2010/4/19,609860437
2010/4/20,704502590
2010/4/21,922573405
2010/4/22,549560405
2010/4/23,972162191
2010/4/26,1480340425
2010/4/27,781868466
2010/4/28,347144556
2010/4/29,464124490
2010/4/30,1102902799
2010/5/4,308504586
2010/5/5,440483241
2010/5/6,364015607
2010/5/7,401357091
2010/5/10,888886062
2010/5/11,450668323
2010/5/12,285567368
2010/5/13,365164014
2010/5/14,245038802
2010/5/17,231880074
2010/5/18,334232104
2010/5/19,140244493
2010/5/20,300553538
2010/5/21,362007811
2010/5/24,404173639
2010/5/25,292444449
2010/5/26,145156073
2010/5/31,314717160
2010/6/1,311393511
2010/6/2,291694861
2010/6/3,338070633
2010/6/4,410658458
2010/6/7,535882247
2010/6/8,202331408
2010/6/9,255194304
2010/6/10,166835001
2010/6/11,274933803
2010/6/17,172316218
2010/6/18,270316817
2010/6/21,251513446
2010/6/22,275184084
2010/6/23,169174743
2010/6/24,317936253
2010/6/25,246313336
2010/6/28,190660624
2010/6/29,354061610
2010/6/30,225134758
2010/7/1,94688255
2010/7/2,209978232
2010/7/5,176428087
2010/7/6,195146898
2010/7/7,111689439
2010/7/8,108893890
2010/7/9,357390425
2010/7/12,235347809
2010/7/13,96225621
2010/7/14,125763296
2010/7/15,248573676
2010/7/16,438987876
2010/7/19,261608074
2010/7/20,366053258
2010/7/21,338324505
2010/7/22,223560516
2010/7/23,539887868
2010/7/26,311555737
2010/7/27,357546813
2010/7/28,395352770
2010/7/29,636454908
2010/7/30,406203348
2010/8/2,614400254
2010/8/3,251858817
2010/8/4,249201032
2010/8/5,620781742
2010/8/6,323918732
2010/8/9,586147268
2010/8/10,427619893
2010/8/11,224550906
2010/8/12,463112778
2010/8/13,236758807
2010/8/16,395272912
2010/8/17,554777110
2010/8/18,464752257
2010/8/19,536485063
2010/8/20,311220147
2010/8/23,197952515
2010/8/24,164253365
2010/8/25,249067209
2010/8/26,183116485
2010/8/27,132580368
2010/8/30,849497659
2010/8/31,501261374
2010/9/1,406904438
2010/9/2,399335601
2010/9/3,452832217
2010/9/6,485289346
2010/9/7,372434005
2010/9/8,250344694
2010/9/9,360593531
2010/9/10,335023684
2010/9/13,480493819
2010/9/14,441034013
2010/9/15,347008844
2010/9/16,327836606
2010/9/17,290800424
2010/9/20,206418537
2010/9/21,247684425
2010/9/27,310077012
2010/9/28,384574256
2010/9/29,225065386
2010/9/30,244719876
2010/10/8,549853018
2010/10/11,742024422
2010/10/12,473412980
2010/10/13,972450177
2010/10/14,842374776
2010/10/15,1152421933
2010/10/18,1522116994
2010/10/19,870135034
2010/10/20,788461639
2010/10/21,632118759
2010/10/22,697025656
2010/10/25,622609050
2010/10/26,484027261
2010/10/27,484076380
2010/10/28,325743881
2010/10/29,1064852159
2010/11/1,810910408
2010/11/2,1009953812
2010/11/3,693876483
2010/11/4,732196946
2010/11/5,569207561
2010/11/8,922801037
2010/11/9,1002019514
2010/11/10,2670067328
2010/11/11,1322968333
2010/11/12,2298576167
2010/11/15,1458250426
2010/11/16,1294350638
2010/11/17,1362362423
2010/11/18,680881283
2010/11/19,848958178
2010/11/22,857696481
2010/11/23,1995630382
2010/11/24,2220954810
2010/11/25,916382376
2010/11/26,1324934628
2010/11/29,1441023288
2010/11/30,1356812148
2010/12/1,773495042
2010/12/2,864862808
2010/12/3,863905870
2010/12/6,839963278
2010/12/7,621615004
2010/12/8,564539229
2010/12/9,474949022
2010/12/10,766519126
2010/12/13,1144043372
2010/12/14,1224103219
2010/12/15,953073582
2010/12/16,1396868342
2010/12/17,1060471130
2010/12/20,1361002093
2010/12/21,1153389514
2010/12/22,845830946
2010/12/23,626262013
2010/12/24,553596991
2010/12/27,844631482
2010/12/28,873676036
2010/12/29,569651391
2010/12/30,760950273
2010/12/31,843075733
2011/1/4,1116558389
2011/1/5,1064872709
2011/1/6,677983969
2011/1/7,548732363
2011/1/10,687881571
2011/1/11,787943021
2011/1/12,546334112
2011/1/13,740207616
2011/1/14,461741103
2011/1/17,673586235
2011/1/18,738283975
2011/1/19,478032606
2011/1/20,444085191
2011/1/21,479005923
2011/1/24,601578015
2011/1/25,294978979
2011/1/26,247045171
2011/1/27,507387589
2011/1/28,339796042
2011/1/31,577621803
2011/2/1,319648600
2011/2/9,317003717
2011/2/10,656695297
2011/2/11,634257226
2011/2/14,681621643
2011/2/15,554140643
2011/2/16,667440837
2011/2/17,662075979
2011/2/18,676343235
2011/2/21,498811371
2011/2/22,701713006
2011/2/23,353816777
2011/2/24,373539569
2011/2/25,532482186
2011/2/28,693295724
2011/3/1,411728226
2011/3/2,569125294
2011/3/3,663456221
2011/3/4,587411610
2011/3/7,593119911
2011/3/8,560058561
2011/3/9,406818003
2011/3/10,991540447
2011/3/11,424871796
2011/3/14,408383265
2011/3/15,554199756
2011/3/16,438681962
2011/3/17,1653009378
2011/3/18,1175141410
2011/3/21,910057839
2011/3/22,521369663
2011/3/23,792668100
2011/3/24,393924337
2011/3/25,513404256
2011/3/28,731053019
2011/3/29,476995781
2011/3/30,368964875
2011/3/31,316949399
2011/4/1,326554075
2011/4/6,510620637
2011/4/7,820484804
2011/4/8,383817086
2011/4/11,463960298
2011/4/12,623251647
2011/4/13,522953556
2011/4/14,644626738
2011/4/15,919620925
2011/4/18,338287704
2011/4/19,395248447
2011/4/20,392495921
2011/4/21,505336037
2011/4/22,254794864
2011/4/25,1280812447
2011/4/26,565862126
2011/4/27,508713443
2011/4/28,455048059
2011/4/29,401140719
2011/5/3,764382818
2011/5/4,604784367
2011/5/5,496448129
2011/5/6,444808841
2011/5/9,225581746
2011/5/10,292606289
2011/5/11,238855455
2011/5/12,470405158
2011/5/13,229207566
2011/5/16,216417130
2011/5/17,393848458
2011/5/18,1212084674
2011/5/19,1716471110
2011/5/20,801739991
2011/5/23,783913346
2011/5/24,470085883
2011/5/26,779314782
2011/5/27,626618182
2011/5/30,942388980
2011/5/31,685945963
2011/6/1,813188052
2011/6/2,818431995
2011/6/3,618505293
2011/6/7,559703875
2011/6/8,517190772
2011/6/9,737042713
2011/6/10,692444753
2011/6/13,562464133
2011/6/14,758192892
2011/6/15,333131863
2011/6/16,359795619
2011/6/17,690941504
2011/6/20,611059058
2011/6/21,259198214
2011/6/22,333499822
2011/6/23,421820426
2011/6/24,770684579
2011/6/27,480816709
2011/6/28,536916003
2011/6/29,412274520
2011/6/30,694508280
2011/7/1,302002762
2011/7/4,888995936
2011/7/5,516722478
2011/7/6,377527543
2011/7/7,793379763
2011/7/8,333151331
2011/7/11,502438508
2011/7/12,554927096
2011/7/13,429986678
2011/7/14,480420222
2011/7/15,346071487
2011/7/18,566196215
2011/7/19,403182838
2011/7/20,378689393
2011/7/21,968173564
2011/7/22,1029115254
2011/7/25,720951264
2011/7/26,503434823
2011/7/27,630035091
2011/7/28,468616881
2011/7/29,394180474
2011/8/1,378447567
2011/8/2,555745763
2011/8/3,344076872
2011/8/4,363287270
2011/8/5,433966204
2011/8/8,740883138
2011/8/9,726671479
2011/8/10,782644219
2011/8/11,1301728291
2011/8/12,851693649
2011/8/15,630341327
2011/8/16,788423427
2011/8/17,284382051
2011/8/18,609082956
2011/8/19,780729993
2011/8/22,581020716
2011/8/23,482616543
2011/8/24,370146593
2011/8/25,623188931
2011/8/26,477352661
2011/8/29,558335962
2011/8/30,619557333
2011/8/31,1079339679
2011/9/1,544632806
2011/9/2,292111762
2011/9/5,569905681
2011/9/6,656690808
2011/9/7,412012245
2011/9/8,274052384
2011/9/9,294079503
2011/9/13,384543767
2011/9/14,940641402
2011/9/15,380380017
2011/9/16,361574736
2011/9/19,311793484
2011/9/20,256651648
2011/9/21,501953365
2011/9/22,489514705
2011/9/23,1476263517
2011/9/26,803193662
2011/9/27,468028768
2011/9/28,611544825
2011/9/29,563567697
2011/9/30,346902283
2011/10/10,270790788
2011/10/11,387171386
2011/10/12,563092939
2011/10/13,460883857
2011/10/14,238319748
2011/10/17,509046255
2011/10/18,451487836
2011/10/19,451701350
2011/10/20,569297369
2011/10/21,330777243
2011/10/24,638275445
2011/10/25,643502583
2011/10/26,591834128
2011/10/27,407006042
2011/10/28,533715365
2011/10/31,574616414
2011/11/1,559038584
2011/11/2,550968563
2011/11/3,636306542
2011/11/4,384686866
2011/11/7,344437182
2011/11/8,525028363
2011/11/9,506506704
2011/11/10,298980855
2011/11/11,238543944
2011/11/14,371343631
2011/11/15,364242671
2011/11/16,592948956
2011/11/17,315328822
2011/11/18,401272250
2011/11/21,370926323
2011/11/22,729198883
2011/11/23,656169793
2011/11/24,554286399
2011/11/25,848244760
2011/11/28,1136929564
2011/11/29,884545013
2011/11/30,850997830
2011/12/1,719311327
2011/12/2,584935196
2011/12/5,816027278
2011/12/6,756470593
2011/12/7,562146777
2011/12/8,506265018
2011/12/9,737854853
2011/12/12,585362504
2011/12/13,591182085
2011/12/14,412444014
2011/12/15,430851248
2011/12/16,614353385
2011/12/19,510463389
2011/12/20,342834670
2011/12/21,437207569
2011/12/22,346785291
2011/12/23,353128167
2011/12/26,918253511
2011/12/27,594898815
2011/12/28,524088087
2011/12/29,384717995
2011/12/30,569875567
2012/1/4,637232812
2012/1/5,553347012
2012/1/6,464647453
2012/1/9,483282452
2012/1/10,749263279
2012/1/11,761167931
2012/1/12,522231553
2012/1/13,387615921
2012/1/16,933514133
2012/1/17,1077158896
2012/1/18,858725547
2012/1/19,437246157
2012/1/20,548292985
2012/1/30,563162776
2012/1/31,294490836
2012/2/1,464159684
2012/2/2,378596177
2012/2/3,490438844
2012/2/6,557205041
2012/2/7,334371756
2012/2/8,432175419
2012/2/9,596916589
2012/2/10,425266909
2012/2/13,416409710
2012/2/14,292922052
2012/2/15,481676731
2012/2/16,424963025
2012/2/17,235751780
2012/2/20,356774753
2012/2/21,264260509
2012/2/22,429952037
2012/2/23,649316717
2012/2/24,471970592
2012/2/27,528808015
2012/2/28,514122721
2012/2/29,802601071
2012/3/1,345438323
2012/3/2,706746810
2012/3/5,609500901
2012/3/6,621286494
2012/3/7,567286770
2012/3/8,458505182
2012/3/9,578119773
2012/3/12,514548199
2012/3/13,370157885
2012/3/14,820433738
2012/3/15,562966952
2012/3/16,1060740607
2012/3/19,952934077
2012/3/20,486464276
2012/3/21,607930947
2012/3/22,171049550
2012/3/23,1159278435
2012/3/26,807094326
2012/3/27,1635757954
2012/3/28,1116354644
2012/3/29,751200412
2012/3/30,749355396
2012/4/5,831105661
2012/4/6,553032996
2012/4/9,300301660
2012/4/10,344431373
2012/4/11,655577444
2012/4/12,597232641
2012/4/13,436617432
2012/4/16,447725423
2012/4/17,377050666
2012/4/18,485407318
2012/4/19,459867207
2012/4/20,360265741
2012/4/23,281175038
2012/4/24,459834811
2012/4/25,329552763
2012/4/26,753334296
2012/4/27,954712957
2012/5/2,793434507
2012/5/3,579082874
2012/5/4,734789680
2012/5/7,805751890
2012/5/8,851128752
2012/5/9,756259728
2012/5/10,697959454
2012/5/11,528011697
2012/5/14,863502637
2012/5/15,359784509
2012/5/16,619595453
2012/5/17,751957382
2012/5/18,571816871
2012/5/21,638767871
2012/5/22,951034142
2012/5/23,570787761
2012/5/24,1201209541
2012/5/25,667952251
2012/5/28,618961099
2012/5/30,587866122
2012/5/31,877484818
2012/6/1,923904347
2012/6/4,581257511
2012/6/5,588242228
2012/6/6,445576921
2012/6/7,470452059
2012/6/8,411908852
2012/6/11,780468481
2012/6/12,382922345
2012/6/13,485626133
2012/6/14,698222394
2012/6/15,483582930
2012/6/18,482525469
2012/6/19,423906505
2012/6/20,277398320
2012/6/21,409685074
2012/6/25,440645799
2012/6/26,615182456
2012/6/27,559606599
2012/6/28,529704806
2012/6/29,555873153
2012/7/2,622505563
2012/7/3,1255671521
2012/7/4,1155572210
2012/7/5,572395284
2012/7/6,1005403254
2012/7/9,736832305
2012/7/10,683253815
2012/7/11,808688574
2012/7/12,968810613
2012/7/13,769107549
2012/7/16,779744589
2012/7/17,925218299
2012/7/18,1815273721
2012/7/19,654750767
2012/7/20,644548783
2012/7/23,477867229
2012/7/24,853488549
2012/7/25,664005628
2012/7/26,594576399
2012/7/27,458534524
2012/7/30,439211392
2012/7/31,487548460
2012/8/1,654397913
2012/8/2,414452980
2012/8/3,403397229
2012/8/6,428757448
2012/8/7,454543099
2012/8/8,375890830
2012/8/9,789861698
2012/8/10,2273430545
2012/8/13,572237191
2012/8/14,465808752
2012/8/15,556345599
2012/8/16,758259700
2012/8/17,1365745648
2012/8/20,554470085
2012/8/21,624105412
2012/8/22,473902047
2012/8/23,639443950
2012/8/24,500922594
2012/8/27,478778009
2012/8/28,461461656
2012/8/29,674492583
2012/8/30,1046698765
2012/8/31,496296849
2012/9/4,2606767797
2012/9/5,643292488
2012/9/6,481683557
2012/9/7,1023079148
2012/9/10,683513906
2012/9/11,385605480
2012/9/12,703237246
2012/9/13,342849642
2012/9/14,597041985
2012/9/17,488152584
2012/9/18,441080167
2012/9/19,958082585
2012/9/20,496309722
2012/9/21,361373291
2012/9/24,408195802
2012/9/25,619272096
2012/9/26,482230825
2012/9/27,650222918
2012/9/28,760146554
2012/10/8,566527560
2012/10/9,569554621
2012/10/10,327126305
2012/10/11,257483485
2012/10/12,285916686
2012/10/15,464547296
2012/10/16,690466784
2012/10/17,397637468
2012/10/18,561905413
2012/10/19,472389448
2012/10/22,478244292
2012/10/23,461008027
2012/10/24,269652766
2012/10/25,225725463
2012/10/26,596652705
2012/10/29,349849288
2012/10/30,380664727
2012/10/31,390460776
2012/11/1,453437145
2012/11/2,420531725
2012/11/5,552311463
2012/11/6,991450620
2012/11/7,383915183
2012/11/8,382711598
2012/11/9,273825060
2012/11/12,472928286
2012/11/13,465306375
2012/11/14,280680242
2012/11/15,259657230
2012/11/16,441363632
2012/11/19,1508795035
2012/11/20,820492572
2012/11/21,719458140
2012/11/22,1093946850
2012/11/23,655947672
2012/11/26,478884312
2012/11/27,447807811
2012/11/28,328018453
2012/11/29,343521807
2012/11/30,459310347
2012/12/3,1620343239
2012/12/4,1534594318
2012/12/5,2172380167
2012/12/6,2244829139
2012/12/7,1983064728
2012/12/11,1869715843
2012/12/12,1327462831
2012/12/13,1297953947
2012/12/14,1609442087
2012/12/17,1488539580
2012/12/18,1005177386
2012/12/19,1039482925
2012/12/20,750851790
2012/12/21,544719331
2012/12/24,2054317655
2012/12/25,1218659231
2012/12/26,918674030
2012/12/27,1259077997
2012/12/28,1202787580
2012/12/31,1085776117
2013/1/4,1205796538
2013/1/7,840359829
2013/1/8,1362186171
2013/1/9,1159330305
2013/1/10,656830931
2013/1/11,784542945
2013/1/14,1410483972
2013/1/15,1103130868
2013/1/16,1427067086
2013/1/17,744614971
2013/1/18,1122848386
2013/1/21,1482664898
2013/1/22,1425054465
2013/1/23,1006483564
2013/1/24,1171137855
2013/1/25,1508197810
2013/1/28,2857092951
2013/1/29,2034723439
2013/1/30,1285436676
2013/1/31,678384682
2013/2/1,813241680
2013/2/4,1142310991
2013/2/5,1575281159
2013/2/6,849026089
2013/2/7,895061569
2013/2/8,778273770
2013/2/18,1024714902
2013/2/19,673362435
2013/2/20,650765308
2013/2/21,974530658
2013/2/22,1163340820
2013/2/25,629472576
2013/2/26,783158037
2013/2/27,602608232
2013/2/28,990766787
2013/3/1,661720749
2013/3/4,912360626
2013/3/5,648668784
2013/3/6,861725426
2013/3/7,1573676093
2013/3/8,667118431
2013/3/11,642927319
2013/3/12,465220571
2013/3/13,567812074
2013/3/14,635985859
2013/3/15,639236967
2013/3/18,1336285568
2013/3/19,1052322560
2013/3/20,1202347904
2013/3/21,1091400960
2013/3/22,767262016
2013/3/25,541959936
2013/3/26,551865792
2013/3/27,795809856
2013/3/28,685703936
2013/3/29,802924416
2013/4/1,483197216
2013/4/2,534554080
2013/4/3,360543776
2013/4/8,613230336
2013/4/9,396645824
2013/4/10,1194391168
2013/4/11,504695104
2013/4/12,1032119616
2013/4/15,487286272
2013/4/16,676673408
2013/4/17,760898368
2013/4/18,749007232
2013/4/19,701185024
2013/4/22,747616512
2013/4/23,535923136
2013/4/24,525381344
2013/4/25,446045056
2013/4/26,285787936
2013/5/2,489586432
2013/5/3,369986944
2013/5/6,529181408
2013/5/7,1305178752
2013/5/8,799534976
2013/5/9,1370326144
2013/5/10,970169984
2013/5/13,645155904
2013/5/14,701153984
2013/5/15,452499712
2013/5/16,893376384
2013/5/17,654713536
2013/5/20,605798016
2013/5/21,449227072
2013/5/22,917905216
2013/5/23,1272531712
2013/5/24,915894080
2013/5/27,536544384
2013/5/28,477386720
2013/5/29,659505408
2013/5/30,500916416
2013/5/31,490984256
2013/6/3,807356544
2013/6/4,862313600
2013/6/5,476555328
2013/6/6,688473472
2013/6/7,502252992
2013/6/13,876852224
2013/6/14,625711424
2013/6/17,568914688
2013/6/18,516512032
2013/6/19,556142208
2013/6/20,493350656
2013/6/21,762942592
2013/6/24,765344896
2013/6/25,952843648
2013/6/26,613847360
2013/6/27,651525248
2013/6/28,540002752
2013/7/1,498364224
2013/7/2,656544896
2013/7/3,702154048
2013/7/4,480333696
2013/7/5,351961216
2013/7/8,471887296
2013/7/9,390495520
2013/7/10,635969664
2013/7/11,897968896
2013/7/12,823552000
2013/7/15,683259584
2013/7/16,698456704
2013/7/17,517180736
2013/7/18,475329664
2013/7/19,1309145856
2013/7/22,472471744
2013/7/23,513622528
2013/7/24,772480640
2013/7/25,701690240
2013/7/26,334279488
2013/7/29,462873568
2013/7/30,708812288
2013/7/31,246901552
2013/8/1,426199168
2013/8/2,514840320
2013/8/5,316638080
2013/8/6,462053664
2013/8/7,501679168
2013/8/8,282184704
2013/8/9,396239808
2013/8/12,692000832
2013/8/13,453549760
2013/8/14,392821888
2013/8/15,274789280
2013/8/16,617783360
2013/8/19,337652096
2013/8/20,541646656
2013/8/21,401820448
2013/8/22,272139840
2013/8/23,338959488
2013/8/26,293255616
2013/8/27,422029088
2013/8/28,521639360
2013/8/29,368545664
2013/8/30,435606368
2013/9/2,3438418432
2013/9/3,1855978624
2013/9/4,1171694848
2013/9/5,1070129408
2013/9/6,567391488
2013/9/9,1042258752
2013/9/10,816720640
2013/9/11,1045733440
2013/9/12,725740672
2013/9/13,1044001952
2013/9/16,889024064
2013/9/17,1571781600
2013/9/18,949223072
2013/9/23,921212144
2013/9/24,1371542704
2013/9/25,943851488
2013/9/26,638421040
2013/9/27,465617872
2013/9/30,681360336
2013/10/8,773294160
2013/10/9,557664496
2013/10/10,397207808
2013/10/11,499830912
2013/10/14,767129552
2013/10/15,986261712
2013/10/16,1382754192
2013/10/17,703391968
2013/10/18,510349744
2013/10/21,677908672
2013/10/22,353140640
2013/10/23,375070080
2013/10/24,376580496
2013/10/25,807380208
2013/10/28,431472144
2013/10/29,468246864
2013/10/30,335579616
2013/10/31,471033936
2013/11/1,299057616
2013/11/4,264834002
2013/11/5,381603616
2013/11/6,619496992
2013/11/7,294635360
2013/11/8,298492272
2013/11/11,729491568
2013/11/12,997440464
2013/11/13,460888128
2013/11/14,344294688
2013/11/15,481165008
2013/11/18,596980144
2013/11/19,588099504
2013/11/20,362889664
2013/11/21,459524464
2013/11/22,389528912
2013/11/25,367831840
2013/11/26,230259508
2013/11/27,219358339
2013/11/28,315027616
2013/11/29,287184368
2013/12/2,591853936
2013/12/3,448934464
2013/12/4,463071200
2013/12/5,265765318
2013/12/6,402741312
2013/12/9,347999968
2013/12/10,347805552
2013/12/11,271716032
2013/12/12,250384797
2013/12/13,263371186
2013/12/16,439536256
2013/12/17,209082464
2013/12/18,266750697
2013/12/19,235156558
2013/12/20,495862864
2013/12/23,243709867
2013/12/24,354505536
2013/12/25,233016830
2013/12/26,427007200
2013/12/27,321517728
2013/12/30,401569200
2013/12/31,730676608
2014/1/2,277430224
2014/1/3,288934608
2014/1/6,367274768
2014/1/7,216936563
2014/1/8,380752976
2014/1/9,575090336
2014/1/10,251742737
2014/1/13,454274352
2014/1/14,282925552
2014/1/15,235363881
2014/1/16,474484848
2014/1/17,393324784
2014/1/20,751598256
2014/1/21,451224688
2014/1/22,975900192
2014/1/23,538497408
2014/1/24,482834464
2014/1/27,1170783936
2014/1/28,508739360
2014/1/29,434136672
2014/1/30,496967648
2014/2/7,317924208
2014/2/10,479835312
2014/2/11,578123056
2014/2/12,258332741
2014/2/13,528398496
2014/2/14,946589744
2014/2/17,1301703984
2014/2/18,496116912
2014/2/19,472702784
2014/2/20,346513536
2014/2/21,508426624
2014/2/24,463140896
2014/2/25,662701584
2014/2/26,377024800
2014/2/27,367761888
2014/2/28,626931552
2014/3/3,745535040
2014/3/4,795957008
2014/3/5,741663984
2014/3/6,684035152
2014/3/7,952251168
2014/3/10,797666912
2014/3/11,619885232
2014/3/12,582653264
2014/3/13,695571568
2014/3/14,407076144
2014/3/17,529609728
2014/3/18,1030329360
2014/3/19,613576544
2014/3/20,579777920
2014/3/21,680945760
2014/3/24,453477904
2014/3/25,1024298848
2014/3/26,927285408
2014/3/27,603835728
2014/3/28,740132768
2014/3/31,473939136
2014/4/1,544622704
2014/4/2,777378720
2014/4/3,444348448
2014/4/4,377896960
2014/4/8,423934496
2014/4/9,354031808
2014/4/10,897611264
2014/4/11,1593651872
2014/4/14,469646912
2014/4/15,452432800
2014/4/16,379301952
2014/4/17,517914688
2014/4/18,344825520
2014/4/21,318935968
2014/4/22,387206384
2014/4/23,592119536
2014/4/24,220213004
2014/4/25,1581409280
2014/4/28,535511088
2014/4/29,459181200
2014/4/30,314017280
2014/5/5,585326688
2014/5/6,219512505
2014/5/7,192090276
2014/5/8,237490046
2014/5/9,269803728
2014/5/12,420667488
2014/5/13,256197646
2014/5/14,534826240
2014/5/15,264995351
2014/5/16,286938912
2014/5/19,838456336
2014/5/20,682615744
2014/5/21,575063792
2014/5/22,281907872
2014/5/23,212338047
2014/5/26,137024228
2014/5/27,201097681
2014/5/28,192903907
2014/5/29,156525431
2014/5/30,141927539
2014/6/3,199563914
2014/6/4,158991999
2014/6/5,314507728
2014/6/6,145936330
2014/6/9,154198989
2014/6/10,298186720
2014/6/11,166086241
2014/6/12,175855795
2014/6/13,259337717
2014/6/16,249568876
2014/6/17,250297887
2014/6/18,215965707
2014/6/19,176868338
2014/6/20,183993516
2014/6/23,449611776
2014/6/24,621636112
2014/6/25,546556384
2014/6/26,515915136
2014/6/27,371027136
2014/6/30,345879984
2014/7/1,168987424
2014/7/2,171127803
2014/7/3,275808352
2014/7/4,220860905
2014/7/7,327900736
2014/7/8,299615520
2014/7/9,203120918
2014/7/10,171762392
2014/7/11,262292694
2014/7/14,684819808
2014/7/15,913284352
2014/7/16,379071456
2014/7/17,309501856
2014/7/18,1200093424
2014/7/21,485174688
2014/7/22,483906544
2014/7/23,455655824
2014/7/24,595593136
2014/7/25,454235008
2014/7/28,706875696
2014/7/29,580708800
2014/7/30,865210176
2014/7/31,400860672
2014/8/1,704961968
2014/8/4,637175456
2014/8/5,627210400
2014/8/6,332041712
2014/8/7,411237184
2014/8/8,384676144
2014/8/11,326555328
2014/8/12,316255856
2014/8/13,560675712
2014/8/14,373085472
2014/8/15,352476096
2014/8/18,667452064
2014/8/19,509709616
2014/8/20,596509536
2014/8/21,301791008
2014/8/22,297023440
2014/8/25,244745466
2014/8/26,261850709
2014/8/27,216703370
2014/8/28,276811136
2014/8/29,375517440
2014/9/1,260760134
2014/9/2,664712704
2014/9/3,695551840
2014/9/4,395280320
2014/9/5,579714720
2014/9/9,339388096
2014/9/10,293245984
2014/9/11,519406672
2014/9/12,280548672
2014/9/15,519621408
2014/9/16,551314384
2014/9/17,408684992
2014/9/18,418431984
2014/9/19,362408976
2014/9/22,586709104
2014/9/23,541705824
2014/9/24,687426592
2014/9/25,924878320
2014/9/26,366907280
2014/9/29,381683088
2014/9/30,349657792
2014/10/8,725030224
2014/10/9,578151792
2014/10/10,684789408
2014/10/13,826349744
2014/10/14,449942592
2014/10/15,348033856
2014/10/16,377655664
2014/10/17,489885680
2014/10/20,517853728
2014/10/21,632422368
2014/10/22,363211440
2014/10/23,508245984
2014/10/24,317073600
2014/10/27,439570896
2014/10/28,325762192
2014/10/29,339064784
2014/10/30,764742336
2014/10/31,567067440
2014/11/3,384677504
2014/11/4,854409056
2014/11/5,1131348480
2014/11/6,533913216
2014/11/7,613638080
2014/11/10,945032816
2014/11/11,733026112
2014/11/12,467531856
2014/11/13,739602880
2014/11/14,1168803280
2014/11/17,2451673888
2014/11/18,1001883696
2014/11/19,710715296
2014/11/20,698848960
2014/11/21,638007376
2014/11/24,828662512
2014/11/25,816840944
2014/11/26,990302240
2014/11/27,1508603312
2014/11/28,1363855088
2014/12/1,1932844688
2014/12/2,1588412352
2014/12/3,1936848368
2014/12/4,2020248736
2014/12/5,1943937520
2014/12/8,1731248496
2014/12/9,2713372288
2014/12/10,1919193472
2014/12/11,975885696
2014/12/12,911591088
2014/12/15,1281924240
2014/12/16,918180192
2014/12/17,1071735184
2014/12/18,695500784
2014/12/19,892730640
2014/12/22,1327712480
2014/12/23,1611272912
2014/12/24,1187206208
2014/12/25,806958768
2014/12/26,793340608
2014/12/29,1678243808
2014/12/30,1043215632
2014/12/31,871581696
2015/1/5,1875063136
2015/1/6,1094977376
2015/1/7,1063925648
2015/1/8,777874672
2015/1/9,1039955152
2015/1/12,934643408
2015/1/13,683429632
2015/1/14,965036192
2015/1/15,895503104
2015/1/16,746304288
2015/1/19,1151544272
2015/1/20,1086018448
2015/1/21,950750400
2015/1/22,696541248
2015/1/23,600627344
2015/1/26,650642096
2015/1/27,755025856
2015/1/28,547979152
2015/1/29,571553424
2015/1/30,848744496
2015/2/2,593379648
2015/2/3,493512560
2015/2/4,634135328
2015/2/5,735861120
2015/2/6,648205632
2015/2/9,1584342288
2015/2/10,984795856
2015/2/11,420358864
2015/2/12,458818624
2015/2/13,734977408
2015/2/16,722512096
2015/2/17,624854080
2015/2/25,1104113264
2015/2/26,1163369600
2015/2/27,1217723184
2015/3/2,592027088
2015/3/3,812905776
2015/3/4,757815040
2015/3/5,670609776
2015/3/6,471454752
2015/3/9,815432192
2015/3/10,561292480
2015/3/11,778418704
2015/3/12,747203168
2015/3/13,486997360
2015/3/16,597313680
2015/3/17,903712736
2015/3/18,778884992
2015/3/19,658535488
2015/3/20,991294896
2015/3/23,799009920
2015/3/24,1172628512
2015/3/25,815963248
2015/3/26,1315872112
2015/3/27,784086656
2015/3/30,1237889232
2015/3/31,1746870224
2015/4/1,1504959696
2015/4/2,1228604480
2015/4/3,996536048
2015/4/7,1189027072
2015/4/8,2798381808
2015/4/9,1255308048
2015/4/10,2048914304
2015/4/13,1840018384
2015/4/14,1691094336
2015/4/15,1135635920
2015/4/16,1877332304
2015/4/17,4577504000
2015/4/20,3118764544
2015/4/21,3039243968
2015/4/22,3543576704
2015/4/23,2214737648
2015/4/24,2547399872
2015/4/27,2050832432
2015/4/28,2187970736
2015/4/29,1477767696
2015/4/30,1610938048
2015/5/4,1398337296
2015/5/5,1801146752
2015/5/6,1472597536
2015/5/7,1693825904
2015/5/8,1447670272
2015/5/11,1552417968
2015/5/12,1193035136
2015/5/13,1520374560
2015/5/14,1062504720
2015/5/15,1333031168
2015/5/18,856505072
2015/5/19,1174434448
2015/5/20,1631009456
2015/5/21,1230234944
2015/5/22,1779754352
2015/5/25,1868570176
2015/5/26,1746031120
2015/5/27,1309260000
2015/5/28,1650995552
2015/5/29,1531805536
2015/6/1,1747123648
2015/6/2,1708951664
2015/6/3,1218378720
2015/6/4,2332785392
2015/6/5,2188974560
2015/6/8,2462736704
2015/6/9,2045525408
2015/6/10,2096832880
2015/6/11,1378413760
2015/6/12,2438986512
2015/6/15,2664672592
2015/6/16,1789696032
2015/6/17,1478407040
2015/6/18,1530836128
2015/6/19,1646002768
2015/6/23,1989068144
2015/6/24,2463553856
2015/6/25,1707385600
2015/6/26,2451381600
2015/6/29,4057069904
2015/6/30,3205285536
2015/7/1,2696026032
2015/7/2,3011363680
2015/7/3,2772183168
2015/7/6,7012491264
2015/7/7,4121731568
2015/7/8,6738026752
2015/7/9,3409950544
2015/7/10,6888908288
2015/7/13,3838169456
2015/7/14,2425239232
2015/7/15,2585923328
2015/7/16,1826618384
2015/7/17,1284361184
2015/7/20,1531275696
2015/7/21,1148423248
2015/7/22,1552554832
2015/7/23,1411411696
2015/7/24,1271122144
2015/7/27,1628465536
2015/7/28,1766521472
2015/7/29,1364157584
2015/7/30,853284368
2015/7/31,835374144
2015/8/3,1117796048
2015/8/4,1260302960
2015/8/5,907597376
2015/8/6,805358560
2015/8/7,819022560
2015/8/10,1182083552
2015/8/11,1076261232
2015/8/12,968610592
2015/8/13,733202192
2015/8/14,645849792
2015/8/17,1108212048
2015/8/18,1047896512
2015/8/19,1004394400
2015/8/20,788892224
2015/8/21,1433277968
2015/8/24,1559048768
2015/8/25,2165823584
2015/8/26,1663612848
2015/8/27,1663248880
2015/8/28,1720106864
2015/8/31,1198185024
2015/9/1,1688392992
2015/9/2,2052413264
2015/9/7,615819760
2015/9/8,621914336
2015/9/9,676337504
2015/9/10,514766384
2015/9/11,326277632
2015/9/14,1678995776
2015/9/15,1035493472
2015/9/16,753188784
2015/9/17,533638544
2015/9/18,312040976
2015/9/21,329196736
2015/9/22,329161936
2015/9/23,438412336
2015/9/24,269653184
2015/9/25,470411104
2015/9/28,235369401
2015/9/29,348759184
2015/9/30,222178053
2015/10/8,684138048
2015/10/9,310187696
2015/10/12,982174160
2015/10/13,313495456
2015/10/14,301666752
2015/10/15,329836768
2015/10/16,386383072
2015/10/19,531101872
2015/10/20,298284288
2015/10/21,447195040
2015/10/22,478632752
2015/10/23,1189746960
2015/10/26,932490832
2015/10/27,484597008
2015/10/28,353020512
2015/10/29,287688320
2015/10/30,263117287
2015/11/2,328246688
2015/11/3,493565248
2015/11/4,659118992
2015/11/5,1087812240
2015/11/6,471929424
2015/11/9,900398640
2015/11/10,639416128
2015/11/11,524296320
2015/11/12,357408912
2015/11/13,614644800
2015/11/16,511461328
2015/11/17,473813952
2015/11/18,423815328
2015/11/19,327777824
2015/11/20,476413648
2015/11/23,446996432
2015/11/24,431548240
2015/11/25,512351424
2015/11/26,400523680
2015/11/27,339061424
2015/11/30,702029936
2015/12/1,400895904
2015/12/2,1055325952
2015/12/3,489928576
2015/12/4,452200736
2015/12/7,413697600
2015/12/8,370510928
2015/12/9,302039600
2015/12/10,295297552
2015/12/11,275655728
2015/12/14,439584112
2015/12/15,321828816
2015/12/16,430371568
2015/12/17,523818384
2015/12/18,618897536
2015/12/21,1341466592
2015/12/22,638684800
2015/12/23,501438272
2015/12/24,350137312
2015/12/25,258870006
2015/12/28,569404128
2015/12/29,345982480
2015/12/30,440489184
2015/12/31,429872176
2016/1/4,371909824
2016/1/5,672596336
2016/1/6,502483568
2016/1/7,167829920
2016/1/8,911812832
2016/1/11,596838944
2016/1/12,801495584
2016/1/13,592420624
2016/1/14,699341424
2016/1/15,537750016
2016/1/18,548614384
2016/1/19,1224859280
2016/1/20,835946960
2016/1/21,439737648
2016/1/22,456952016
2016/1/25,278273552
2016/1/26,448487472
2016/1/27,589842576
2016/1/28,353744032
2016/1/29,461975280
2016/2/1,386028336
2016/2/2,362596992
2016/2/3,307933680
2016/2/4,340315136
2016/2/5,290691680
2016/2/15,390748384
2016/2/16,393326288
2016/2/17,411126976
2016/2/18,381696256
2016/2/19,287755552
2016/2/22,574540624
2016/2/23,795824528
2016/2/24,717612352
2016/2/25,855036784
2016/2/26,609924304
2016/2/29,1022532384
2016/3/1,736088848
2016/3/2,1073462816
2016/3/3,914557328
2016/3/4,2007278352
2016/3/7,924016288
2016/3/8,600938832
2016/3/9,375804064
2016/3/10,593953296
2016/3/11,373343712
2016/3/14,1029457824
2016/3/15,832373600
2016/3/16,555358080
2016/3/17,665454448
2016/3/18,1613934128
2016/3/21,885665712
2016/3/22,981582400
2016/3/23,503035648
2016/3/24,1487290880
2016/3/25,1100326144
2016/3/28,1207751712
2016/3/29,911522992
2016/3/30,688591408
2016/3/31,483196896
2016/4/1,620149504
2016/4/5,615354320
2016/4/6,1225137024
2016/4/7,650128768
2016/4/8,583704016
2016/4/11,2930751136
2016/4/12,568663728
2016/4/13,1328412384
2016/4/14,696651872
2016/4/15,463404864
2016/4/18,453989136
2016/4/19,345816832
2016/4/20,808354336
2016/4/21,713190672
2016/4/22,869560464
2016/4/25,614481808
2016/4/26,370224912
2016/4/27,340092448
2016/4/28,421012816
2016/4/29,1155915392
2016/5/3,1463972624
2016/5/4,743425168
2016/5/5,347050352
2016/5/6,689911424
2016/5/9,696784544
2016/5/10,843441776
2016/5/11,1268594576
2016/5/12,480711456
2016/5/13,714915408
2016/5/16,553627504
2016/5/17,295827984
2016/5/18,700172112
2016/5/19,514050848
2016/5/20,638079264
2016/5/23,474832784
2016/5/24,294383664
2016/5/25,450815936
2016/5/26,454859056
2016/5/27,334258000
2016/5/30,756013040
2016/5/31,1418668240
2016/6/1,578184016
2016/6/2,660335568
2016/6/3,1806172752
2016/6/6,1034692864
2016/6/7,518246016
2016/6/8,656530784
2016/6/13,1030012784
2016/6/14,696446752
2016/6/15,752172240
2016/6/16,540824576
2016/6/17,689165056
2016/6/20,523759584
2016/6/21,460067360
2016/6/22,577353680
2016/6/23,386801280
2016/6/24,550877440
2016/6/27,1823624048
2016/6/28,699351504
2016/6/29,805690464
2016/6/30,1116195904
2016/7/1,746622848
2016/7/4,859625104
2016/7/5,1252985744
2016/7/6,1463885920
2016/7/7,1619384208
2016/7/8,1412963904
2016/7/11,1825388224
2016/7/12,1712151168
2016/7/13,1697002624
2016/7/14,928017840
2016/7/15,848676192
2016/7/18,741065232
2016/7/19,1282256496
2016/7/20,548187888
2016/7/21,1041004816
2016/7/22,893047920
2016/7/25,736751808
2016/7/26,1121135552
2016/7/27,1235833184
2016/7/28,1254912048
2016/7/29,913987184
2016/8/1,980681840
2016/8/2,812078464
2016/8/3,735080448
2016/8/4,666165440
2016/8/5,622324416
2016/8/8,672724160
2016/8/9,1230571984
2016/8/10,659451040
2016/8/11,1016399248
2016/8/12,737487488
2016/8/15,1084418384
2016/8/16,2755749504
2016/8/17,1347397792
2016/8/18,951674784
2016/8/19,585467696
2016/8/22,640455200
2016/8/23,612752800
2016/8/24,695005296
2016/8/25,766099104
2016/8/26,648346752
2016/8/29,1169052448
2016/8/30,649198656
2016/8/31,1250762224
2016/9/1,532785264
2016/9/2,570909568
2016/9/5,589626256
2016/9/6,638681584
2016/9/7,908976240
2016/9/8,509979664
2016/9/9,494663728
2016/9/12,1148690128
2016/9/13,488095088
2016/9/14,556106064
2016/9/19,385804384
2016/9/20,1031649952
2016/9/21,1139374176
2016/9/22,879666032
2016/9/23,376554080
2016/9/26,1080278320
2016/9/27,520513712
2016/9/28,648736320
2016/9/29,688873472
2016/9/30,880477808
2016/10/10,637178864
2016/10/11,1279755344
2016/10/12,590793824
2016/10/13,491591616
2016/10/14,386317904
2016/10/17,574503344
2016/10/18,932443504
2016/10/19,433658688
2016/10/20,429896208
2016/10/21,349209696
2016/10/24,802002336
2016/10/25,1363211040
2016/10/26,1475976848
2016/10/27,1039017328
2016/10/28,637478016
2016/10/31,1394967920
2016/11/1,617880128
2016/11/2,650629056
2016/11/3,589861360
2016/11/4,650490000
2016/11/7,505304912
2016/11/8,1093003616
2016/11/9,951077200
2016/11/10,568571584
2016/11/11,1133744320
2016/11/14,1246340880
2016/11/15,766112496
2016/11/16,419672480
2016/11/17,570642080
2016/11/18,601883504
2016/11/21,807014528
2016/11/22,816561744
2016/11/23,1058266304
2016/11/24,1227937712
2016/11/25,706042464
2016/11/28,1568882896
2016/11/29,1911874432
2016/11/30,855564592
2016/12/1,896065024
2016/12/2,984836864
2016/12/5,1342647360
2016/12/6,1251764480
2016/12/7,825849248
2016/12/8,1825332448
2016/12/9,1162079792
2016/12/12,1667557008
2016/12/13,1384533792
2016/12/14,1062697136
2016/12/15,1285279904
2016/12/16,818412416
2016/12/19,1002365472
2016/12/20,1001345152
2016/12/21,807548096
2016/12/22,478750704
2016/12/23,1001068080
2016/12/26,835811088
2016/12/27,655887936
2016/12/28,581648976
2016/12/29,690986080
2016/12/30,1152982240
2017/1/3,695005296
2017/1/4,2245051872
2017/1/5,1449077680
2017/1/6,2402546304
2017/1/9,1233977968
2017/1/10,1108100800
2017/1/11,814074640
2017/1/12,614822048
2017/1/13,631734944
2017/1/16,1259384864
2017/1/17,1223967888
2017/1/18,1622110976
2017/1/19,1011320064
2017/1/20,758416000
2017/1/23,1151869296
2017/1/24,939129472
2017/1/25,799259968
2017/1/26,1303262144
2017/2/3,727140784
2017/2/6,543401904
2017/2/7,707114112
2017/2/8,656786320
2017/2/9,808958176
2017/2/10,835679328
2017/2/13,1869148352
2017/2/14,931733728
2017/2/15,917475856
2017/2/16,612607280
2017/2/17,1022647968
2017/2/20,2215563600
2017/2/21,994112864
2017/2/22,1347469104
2017/2/23,844123200
2017/2/24,639123200
2017/2/27,912927184
2017/2/28,975788672
2017/3/1,782349008
2017/3/2,785560416
2017/3/3,505108560
2017/3/6,818625872
2017/3/7,1694198544
2017/3/8,588667680
2017/3/9,860084032
2017/3/10,1524343088
2017/3/13,1027592800
2017/3/14,756359632
2017/3/15,935994832
2017/3/16,938231440
2017/3/17,1315336848
2017/3/20,1209603920
2017/3/21,1901883744
2017/3/22,1775217760
2017/3/23,1345058752
2017/3/24,1292313392
2017/3/27,2054742976
2017/3/28,1558258560
2017/3/29,1429610960
2017/3/30,1216016528
2017/3/31,945503280
2017/4/5,1594997312
2017/4/6,1125204240
2017/4/7,945589200
2017/4/10,1126296272
2017/4/11,1679537552
2017/4/12,1049245584
2017/4/13,1805008864
2017/4/14,938378992
2017/4/17,1136763712
2017/4/18,1987661264
2017/4/19,1521983648
2017/4/20,2091241456
2017/4/21,2015062640
2017/4/24,1986424992
2017/4/25,3143136336
2017/4/26,2384125120
2017/4/27,1180494896
2017/4/28,2052093808
2017/5/2,960137248
2017/5/3,842560352
2017/5/4,1111200112
2017/5/5,1566063424
2017/5/8,1671035536
2017/5/9,2126236512
2017/5/10,1070652720
2017/5/11,1254053008
2017/5/12,921621376
2017/5/15,1398908208
2017/5/16,2145037952
2017/5/17,1174696176
2017/5/18,1040535488
2017/5/19,1672948416
2017/5/22,1560087952
2017/5/23,2178738032
2017/5/24,1812513088
2017/5/25,1299628592
2017/5/26,1237323136
2017/5/31,1968887168
2017/6/1,1808305712
2017/6/2,974893312
2017/6/5,854876928
2017/6/6,912438704
2017/6/7,1774212480
2017/6/8,1338443408
2017/6/9,1467836832
2017/6/12,1654502000
2017/6/13,1141536368
2017/6/14,1600846624
2017/6/15,2347172384
2017/6/16,1544955952
2017/6/19,1803585248
2017/6/20,1614858144
2017/6/21,1974672848
2017/6/22,1815684368
2017/6/23,1473803776
2017/6/26,2536430496
2017/6/27,1350476768
2017/6/28,1799676816
2017/6/29,1657994400
2017/6/30,1056424784
2017/7/3,2298656464
2017/7/4,2563886384
2017/7/5,1718844528
2017/7/6,1913037504
2017/7/7,1681450720
2017/7/10,1648443664
2017/7/11,2054854496
2017/7/12,1330327920
2017/7/13,1183440448
2017/7/14,806510272
2017/7/17,1595292992
2017/7/18,1384468256
2017/7/19,2574934656
2017/7/20,2160731536
2017/7/21,2207195744
2017/7/24,2052709808
2017/7/25,1051446096
2017/7/26,1487729152
2017/7/27,928077232
2017/7/28,2235811536
2017/7/31,1861154800
2017/8/1,1318453664
2017/8/2,1289564016
2017/8/3,1522998144
2017/8/4,887074160
2017/8/7,1104715344
2017/8/8,773408192
2017/8/9,2045888048
2017/8/10,1747693648
2017/8/11,1785149168
2017/8/14,1952353920
2017/8/15,1350104672
2017/8/16,921412992
2017/8/17,1272341264
2017/8/18,1169732672
2017/8/21,1153168720
2017/8/22,2051271360
2017/8/23,1337347648
2017/8/24,896861680
2017/8/25,850598720
2017/8/28,1432545552
2017/8/29,1234431712
2017/8/30,910133936
2017/8/31,921659712
2017/9/1,1554634576
2017/9/4,932954816
2017/9/5,1112006400
2017/9/6,1608066096
2017/9/7,1605408576
2017/9/8,1962989424
2017/9/11,2161657248
2017/9/12,1661294228
2017/9/13,1618956527
2017/9/14,953145166
2017/9/15,786562205
2017/9/18,2101680376
2017/9/19,1151152851
2017/9/20,862024944
2017/9/21,963615276
2017/9/22,815718865
2017/9/25,1649582919
2017/9/26,1292872632
2017/9/27,847627355
2017/9/28,1340236075
2017/9/29,1166403112
2017/10/9,1844481600
2017/10/10,1662690453
2017/10/11,1824898708
2017/10/12,1067464518
2017/10/13,1534212916
2017/10/16,1676809992
2017/10/17,1168943280
2017/10/18,1072237528
2017/10/19,2338901855
2017/10/20,1812957242
2017/10/23,1362900409
2017/10/24,1775645971
2017/10/25,1418395221
2017/10/26,6957625411
2017/10/27,5284485766
2017/10/30,5099041747
2017/10/31,3206280600
2017/11/1,2712016939
2017/11/2,2144671943
2017/11/3,3075651167
2017/11/6,3153638704
2017/11/7,3592238407
2017/11/8,2855374070
2017/11/9,2183815390
2017/11/10,4967970730
2017/11/13,3402794002
2017/11/14,3159112664
2017/11/15,3074244081
2017/11/16,4299283186
2017/11/17,8548747991
2017/11/20,5954131851
2017/11/21,6491134446
2017/11/22,8528143403
2017/11/23,6984097475
2017/11/24,4835808966
2017/11/27,3975262024
2017/11/28,4491543613
2017/11/29,3005733412
2017/11/30,2419959854
2017/12/1,2959772009
2017/12/4,3436687377
2017/12/5,3026076465
2017/12/6,3657236582
2017/12/7,3155212010
2017/12/8,2842464437
2017/12/11,4702239221
2017/12/12,3138650306
2017/12/13,3197982045
2017/12/14,2126665894
2017/12/15,2126579404
2017/12/18,2599749872
2017/12/19,2944470867
2017/12/20,4321305755
2017/12/21,3178595839
2017/12/22,1930315469
2017/12/25,2497653982
2017/12/26,2174103282
2017/12/27,2539720696
2017/12/28,8656875718
2017/12/29,5372514665
2018/1/2,3482407646
2018/1/3,3713523701
2018/1/4,5309890210
2018/1/5,2946493013
2018/1/8,3899951720
2018/1/9,5001164506
2018/1/10,3731993154
2018/1/11,3942075854
2018/1/12,3577281776
2018/1/15,4136645487
2018/1/16,5084966063
2018/1/17,6835580477
2018/1/18,4443031234
2018/1/19,3818021990
2018/1/22,5129674653
2018/1/23,3836387690
2018/1/24,3311348774
2018/1/25,3821875040
2018/1/26,3389953777
2018/1/29,5637041971
2018/1/30,3852705098
2018/1/31,4601994781
2018/2/1,3846421613
2018/2/2,5583742782
2018/2/5,7104095616
2018/2/6,6270888575
2018/2/7,6231141116
2018/2/8,5860233484
2018/2/9,7160206330
2018/2/12,4466343242
2018/2/13,3793782378
2018/2/14,2198728707
2018/2/22,3717469267
2018/2/23,2844936758
2018/2/26,3243216345
2018/2/27,3181778842
2018/2/28,3522004686
2018/3/1,3303604159
2018/3/2,1912613830
2018/3/5,2703926955
2018/3/6,4581658583
2018/3/7,2480929043
2018/3/8,2540452000
2018/3/9,2199081672
2018/3/12,2900950557
2018/3/13,2764426996
2018/3/14,2683830110
2018/3/15,4161645760
2018/3/16,2676682524
2018/3/19,2897348542
2018/3/20,2154897794
2018/3/21,1996584261
2018/3/22,2748721669
2018/3/23,3727044980
2018/3/26,3276880070
2018/3/27,3399900239
2018/3/28,7786098263
2018/3/29,5362890034
2018/3/30,2502696336
2018/4/2,2185060765
2018/4/3,2737509485
2018/4/4,3948712791
2018/4/9,2149178951
2018/4/10,2252069676
2018/4/11,1822237882
2018/4/12,2139139504
2018/4/13,1904051062
2018/4/16,2241463093
2018/4/17,2377407817
2018/4/18,4104175827
2018/4/19,2976468492
2018/4/20,2831559751
2018/4/23,2196761047
2018/4/24,3252280969
2018/4/25,1738767067
2018/4/26,2378744475
2018/4/27,3866680412
2018/5/2,4589885607
2018/5/3,2426248236
2018/5/4,2492610223
2018/5/7,5858519223
2018/5/8,4414037853
2018/5/9,2267880036
2018/5/10,2794919589
2018/5/11,2826877192
2018/5/14,3753818029
2018/5/15,2811622722
2018/5/16,2275092450
2018/5/17,2077476640
2018/5/18,2140724039
2018/5/21,2150582003
2018/5/22,1250693946
2018/5/23,2061375201
2018/5/24,2191695815
2018/5/25,1908701139
2018/5/28,3129960293
2018/5/29,3029700817
2018/5/30,2706486799
2018/5/31,5356222572
2018/6/1,2694415012
2018/6/4,5697540359
2018/6/5,4136578583
2018/6/6,3870616725
2018/6/7,3078137471
2018/6/8,2712363711
2018/6/11,2837404005
2018/6/12,4385043270
2018/6/13,2803441679
2018/6/14,2830514231
2018/6/15,2455441877
2018/6/19,4535664030
2018/6/20,3454583693
2018/6/21,3013867644
2018/6/22,2190055865
2018/6/25,2543272262
2018/6/26,3516945435
2018/6/27,4194739085
2018/6/28,3610842734
2018/6/29,2378884218
2018/7/2,2709882026
2018/7/3,5743330241
2018/7/4,2637494710
2018/7/5,3333680083
2018/7/6,3140922350
2018/7/9,2944655287
2018/7/10,2096683487
2018/7/11,1736875980
2018/7/12,2947129140
2018/7/13,2152944602
2018/7/16,2454501604
2018/7/17,2064190615
2018/7/18,1818760392
2018/7/19,1337080011
2018/7/20,2249792135
2018/7/23,2621763717
2018/7/24,3091209135
2018/7/25,1618737612
2018/7/26,1707662628
2018/7/27,1546655260
2018/7/30,3058614520
2018/7/31,1499353469
2018/8/1,1821933661
2018/8/2,3840134516
2018/8/3,3230239085
2018/8/6,3039091096
2018/8/7,2645263310
2018/8/8,2016438669
2018/8/9,2368461339
2018/8/10,1643993563
2018/8/13,2329262063
2018/8/14,1474124248
